"id","name","email","department","salary"
1,Employee 1,employee1@example.com,Finance,49304.24
2,Employee 2,employee2@example.com,Marketing,49943.50
3,Employee 3,employee3@example.com,Sales,82573.70
4,Employee 4,employee4@example.com,Finance,83809.74
5,Employee 5,employee5@example.com,Marketing,86826.84
6,Employee 6,employee6@example.com,Sales,78293.57
7,Employee 7,employee7@example.com,HR,74416.66
8,Employee 8,employee8@example.com,IT,65503.48
9,Employee 9,employee9@example.com,IT,89274.47
10,Employee 10,employee10@example.com,Finance,92127.31
11,Employee 11,employee11@example.com,Sales,37273.09
12,Employee 12,employee12@example.com,Marketing,80056.25
13,Employee 13,employee13@example.com,Marketing,32735.85
14,Employee 14,employee14@example.com,IT,80178.25
15,Employee 15,employee15@example.com,IT,99901.36
16,Employee 16,employee16@example.com,Sales,84393.66
17,Employee 17,employee17@example.com,Finance,55859.11
18,Employee 18,employee18@example.com,IT,48307.88
19,Employee 19,employee19@example.com,Sales,39760.77
20,Employee 20,employee20@example.com,HR,70553.83
21,Employee 21,employee21@example.com,Marketing,38535.68
22,Employee 22,employee22@example.com,IT,86843.31
23,Employee 23,employee23@example.com,HR,38337.73
24,Employee 24,employee24@example.com,Sales,57264.07
25,Employee 25,employee25@example.com,Sales,37513.50
26,Employee 26,employee26@example.com,IT,47007.57
27,Employee 27,employee27@example.com,IT,72039.80
28,Employee 28,employee28@example.com,Marketing,89820.96
29,Employee 29,employee29@example.com,HR,36449.01
30,Employee 30,employee30@example.com,Sales,77648.06
31,Employee 31,employee31@example.com,HR,94861.53
32,Employee 32,employee32@example.com,Marketing,87635.21
33,Employee 33,employee33@example.com,Finance,97589.90
34,Employee 34,employee34@example.com,Sales,43987.19
35,Employee 35,employee35@example.com,Sales,79803.70
36,Employee 36,employee36@example.com,Marketing,56221.45
37,Employee 37,employee37@example.com,IT,34820.78
38,Employee 38,employee38@example.com,IT,61790.04
39,Employee 39,employee39@example.com,Finance,48888.75
40,Employee 40,employee40@example.com,HR,76605.49
41,Employee 41,employee41@example.com,IT,93396.42
42,Employee 42,employee42@example.com,Sales,68969.40
43,Employee 43,employee43@example.com,HR,66226.33
44,Employee 44,employee44@example.com,Sales,48382.96
45,Employee 45,employee45@example.com,Finance,91839.38
46,Employee 46,employee46@example.com,HR,35866.86
47,Employee 47,employee47@example.com,IT,94697.63
48,Employee 48,employee48@example.com,HR,86746.42
49,Employee 49,employee49@example.com,HR,63055.52
50,Employee 50,employee50@example.com,Finance,73605.68
51,Employee 51,employee51@example.com,Finance,74305.31
52,Employee 52,employee52@example.com,IT,52518.85
53,Employee 53,employee53@example.com,Finance,87576.67
54,Employee 54,employee54@example.com,Marketing,97850.47
55,Employee 55,employee55@example.com,Marketing,75836.04
56,Employee 56,employee56@example.com,Finance,90073.46
57,Employee 57,employee57@example.com,Marketing,75568.17
58,Employee 58,employee58@example.com,HR,57970.97
59,Employee 59,employee59@example.com,Marketing,64471.68
60,Employee 60,employee60@example.com,IT,65157.76
61,Employee 61,employee61@example.com,IT,40410.70
62,Employee 62,employee62@example.com,IT,36879.17
63,Employee 63,employee63@example.com,IT,76659.43
64,Employee 64,employee64@example.com,Sales,86557.95
65,Employee 65,employee65@example.com,IT,33355.24
66,Employee 66,employee66@example.com,Finance,80579.61
67,Employee 67,employee67@example.com,Sales,40351.10
68,Employee 68,employee68@example.com,Sales,86673.02
69,Employee 69,employee69@example.com,Marketing,79493.82
70,Employee 70,employee70@example.com,HR,36924.65
71,Employee 71,employee71@example.com,IT,46328.35
72,Employee 72,employee72@example.com,Sales,77510.62
73,Employee 73,employee73@example.com,Marketing,63546.47
74,Employee 74,employee74@example.com,HR,99234.05
75,Employee 75,employee75@example.com,Sales,37362.21
76,Employee 76,employee76@example.com,Marketing,75722.38
77,Employee 77,employee77@example.com,Finance,92368.34
78,Employee 78,employee78@example.com,HR,55593.56
79,Employee 79,employee79@example.com,HR,56066.37
80,Employee 80,employee80@example.com,Finance,60722.04
81,Employee 81,employee81@example.com,Sales,36490.32
82,Employee 82,employee82@example.com,IT,84347.82
83,Employee 83,employee83@example.com,HR,48435.57
84,Employee 84,employee84@example.com,Marketing,54508.10
85,Employee 85,employee85@example.com,Finance,45692.05
86,Employee 86,employee86@example.com,Marketing,34675.63
87,Employee 87,employee87@example.com,HR,60419.82
88,Employee 88,employee88@example.com,Finance,43734.95
89,Employee 89,employee89@example.com,Finance,58392.47
90,Employee 90,employee90@example.com,HR,94893.82
91,Employee 91,employee91@example.com,HR,98653.11
92,Employee 92,employee92@example.com,Sales,30805.71
93,Employee 93,employee93@example.com,Finance,71078.05
94,Employee 94,employee94@example.com,Finance,38434.40
95,Employee 95,employee95@example.com,Finance,97030.64
96,Employee 96,employee96@example.com,Finance,35179.55
97,Employee 97,employee97@example.com,Sales,73647.89
98,Employee 98,employee98@example.com,IT,59394.91
99,Employee 99,employee99@example.com,Marketing,52613.80
100,Employee 100,employee100@example.com,Sales,31953.87
101,Employee 101,employee101@example.com,IT,76847.72
102,Employee 102,employee102@example.com,Finance,45383.75
103,Employee 103,employee103@example.com,Marketing,88071.65
104,Employee 104,employee104@example.com,Marketing,58724.81
105,Employee 105,employee105@example.com,Marketing,50049.81
106,Employee 106,employee106@example.com,Finance,73943.91
107,Employee 107,employee107@example.com,IT,40358.30
108,Employee 108,employee108@example.com,Finance,47467.07
109,Employee 109,employee109@example.com,Marketing,67949.61
110,Employee 110,employee110@example.com,Sales,31122.02
111,Employee 111,employee111@example.com,Marketing,69659.77
112,Employee 112,employee112@example.com,Marketing,59477.54
113,Employee 113,employee113@example.com,Marketing,36372.88
114,Employee 114,employee114@example.com,Sales,52211.66
115,Employee 115,employee115@example.com,HR,70757.05
116,Employee 116,employee116@example.com,Marketing,46895.98
117,Employee 117,employee117@example.com,IT,81749.32
118,Employee 118,employee118@example.com,Finance,62537.45
119,Employee 119,employee119@example.com,Sales,42790.17
120,Employee 120,employee120@example.com,HR,97684.69
121,Employee 121,employee121@example.com,Marketing,93926.76
122,Employee 122,employee122@example.com,IT,30944.46
123,Employee 123,employee123@example.com,Marketing,89871.27
124,Employee 124,employee124@example.com,IT,93148.84
125,Employee 125,employee125@example.com,Finance,70573.19
126,Employee 126,employee126@example.com,Finance,52722.45
127,Employee 127,employee127@example.com,HR,85372.06
128,Employee 128,employee128@example.com,HR,98348.14
129,Employee 129,employee129@example.com,IT,34045.53
130,Employee 130,employee130@example.com,HR,77440.60
131,Employee 131,employee131@example.com,HR,70227.55
132,Employee 132,employee132@example.com,Finance,67727.00
133,Employee 133,employee133@example.com,Finance,70076.24
134,Employee 134,employee134@example.com,HR,97685.71
135,Employee 135,employee135@example.com,Marketing,40686.19
136,Employee 136,employee136@example.com,Sales,78601.85
137,Employee 137,employee137@example.com,HR,81001.46
138,Employee 138,employee138@example.com,Marketing,78203.88
139,Employee 139,employee139@example.com,Marketing,41379.29
140,Employee 140,employee140@example.com,Sales,85253.38
141,Employee 141,employee141@example.com,HR,87334.52
142,Employee 142,employee142@example.com,IT,42132.21
143,Employee 143,employee143@example.com,Marketing,41793.51
144,Employee 144,employee144@example.com,Sales,88032.90
145,Employee 145,employee145@example.com,IT,98062.03
146,Employee 146,employee146@example.com,Sales,40381.14
147,Employee 147,employee147@example.com,HR,74259.22
148,Employee 148,employee148@example.com,Finance,67349.96
149,Employee 149,employee149@example.com,Finance,46895.45
150,Employee 150,employee150@example.com,Marketing,81340.98
151,Employee 151,employee151@example.com,Marketing,63153.77
152,Employee 152,employee152@example.com,Finance,85731.58
153,Employee 153,employee153@example.com,Sales,64297.69
154,Employee 154,employee154@example.com,IT,52157.46
155,Employee 155,employee155@example.com,Sales,70474.96
156,Employee 156,employee156@example.com,IT,40111.88
157,Employee 157,employee157@example.com,Finance,59301.32
158,Employee 158,employee158@example.com,HR,51826.57
159,Employee 159,employee159@example.com,Marketing,73838.17
160,Employee 160,employee160@example.com,Marketing,81012.66
161,Employee 161,employee161@example.com,Sales,83483.82
162,Employee 162,employee162@example.com,Sales,59645.37
163,Employee 163,employee163@example.com,Finance,89933.26
164,Employee 164,employee164@example.com,Sales,73199.50
165,Employee 165,employee165@example.com,IT,99110.01
166,Employee 166,employee166@example.com,IT,97532.20
167,Employee 167,employee167@example.com,Sales,31007.08
168,Employee 168,employee168@example.com,HR,56014.30
169,Employee 169,employee169@example.com,IT,38329.16
170,Employee 170,employee170@example.com,HR,35975.61
171,Employee 171,employee171@example.com,Finance,70149.67
172,Employee 172,employee172@example.com,Sales,98547.87
173,Employee 173,employee173@example.com,IT,45382.65
174,Employee 174,employee174@example.com,Finance,90873.81
175,Employee 175,employee175@example.com,Finance,93635.68
176,Employee 176,employee176@example.com,HR,46472.54
177,Employee 177,employee177@example.com,HR,71957.19
178,Employee 178,employee178@example.com,IT,43244.30
179,Employee 179,employee179@example.com,IT,99220.94
180,Employee 180,employee180@example.com,HR,33649.76
181,Employee 181,employee181@example.com,HR,86855.15
182,Employee 182,employee182@example.com,Finance,68430.29
183,Employee 183,employee183@example.com,IT,36301.54
184,Employee 184,employee184@example.com,Sales,56491.70
185,Employee 185,employee185@example.com,Finance,90240.54
186,Employee 186,employee186@example.com,IT,64190.92
187,Employee 187,employee187@example.com,Marketing,97720.15
188,Employee 188,employee188@example.com,HR,70528.39
189,Employee 189,employee189@example.com,Sales,71228.42
190,Employee 190,employee190@example.com,Marketing,66219.73
191,Employee 191,employee191@example.com,HR,42274.61
192,Employee 192,employee192@example.com,HR,47694.40
193,Employee 193,employee193@example.com,Marketing,59899.33
194,Employee 194,employee194@example.com,Sales,37428.98
195,Employee 195,employee195@example.com,IT,94836.46
196,Employee 196,employee196@example.com,HR,33911.89
197,Employee 197,employee197@example.com,Finance,48484.89
198,Employee 198,employee198@example.com,Sales,87146.34
199,Employee 199,employee199@example.com,IT,69137.72
200,Employee 200,employee200@example.com,Marketing,52889.60
201,Employee 201,employee201@example.com,Marketing,98628.81
202,Employee 202,employee202@example.com,Marketing,91532.70
203,Employee 203,employee203@example.com,Finance,96099.20
204,Employee 204,employee204@example.com,HR,37891.79
205,Employee 205,employee205@example.com,IT,69311.38
206,Employee 206,employee206@example.com,HR,93326.23
207,Employee 207,employee207@example.com,Sales,79163.32
208,Employee 208,employee208@example.com,HR,87321.04
209,Employee 209,employee209@example.com,HR,31652.78
210,Employee 210,employee210@example.com,IT,34187.99
211,Employee 211,employee211@example.com,Finance,74343.66
212,Employee 212,employee212@example.com,Marketing,56366.72
213,Employee 213,employee213@example.com,HR,36918.40
214,Employee 214,employee214@example.com,HR,88564.41
215,Employee 215,employee215@example.com,HR,71676.27
216,Employee 216,employee216@example.com,HR,60153.52
217,Employee 217,employee217@example.com,IT,32005.31
218,Employee 218,employee218@example.com,Sales,33286.26
219,Employee 219,employee219@example.com,Finance,74475.34
220,Employee 220,employee220@example.com,HR,43123.21
221,Employee 221,employee221@example.com,Finance,65277.37
222,Employee 222,employee222@example.com,HR,93125.47
223,Employee 223,employee223@example.com,IT,65025.96
224,Employee 224,employee224@example.com,Finance,82328.93
225,Employee 225,employee225@example.com,Sales,50290.54
226,Employee 226,employee226@example.com,HR,36190.06
227,Employee 227,employee227@example.com,Finance,78199.93
228,Employee 228,employee228@example.com,HR,64128.20
229,Employee 229,employee229@example.com,Marketing,47039.07
230,Employee 230,employee230@example.com,Marketing,88146.35
231,Employee 231,employee231@example.com,Sales,58712.02
232,Employee 232,employee232@example.com,HR,94691.01
233,Employee 233,employee233@example.com,Marketing,39832.42
234,Employee 234,employee234@example.com,HR,58627.82
235,Employee 235,employee235@example.com,HR,61017.26
236,Employee 236,employee236@example.com,HR,55927.25
237,Employee 237,employee237@example.com,HR,41646.20
238,Employee 238,employee238@example.com,Sales,44281.82
239,Employee 239,employee239@example.com,Sales,42251.91
240,Employee 240,employee240@example.com,Marketing,35202.50
241,Employee 241,employee241@example.com,Sales,71881.79
242,Employee 242,employee242@example.com,Finance,85705.87
243,Employee 243,employee243@example.com,Marketing,53834.86
244,Employee 244,employee244@example.com,Finance,60229.12
245,Employee 245,employee245@example.com,IT,35062.43
246,Employee 246,employee246@example.com,Marketing,75095.38
247,Employee 247,employee247@example.com,Finance,94664.30
248,Employee 248,employee248@example.com,Sales,71689.55
249,Employee 249,employee249@example.com,Marketing,41580.00
250,Employee 250,employee250@example.com,Sales,35559.88
251,Employee 251,employee251@example.com,Marketing,32827.35
252,Employee 252,employee252@example.com,Sales,55936.07
253,Employee 253,employee253@example.com,Sales,67069.30
254,Employee 254,employee254@example.com,Marketing,61734.95
255,Employee 255,employee255@example.com,Finance,44107.09
256,Employee 256,employee256@example.com,Marketing,35224.69
257,Employee 257,employee257@example.com,Marketing,53671.15
258,Employee 258,employee258@example.com,IT,78208.90
259,Employee 259,employee259@example.com,Marketing,53477.49
260,Employee 260,employee260@example.com,Sales,78716.67
261,Employee 261,employee261@example.com,Finance,59636.60
262,Employee 262,employee262@example.com,IT,98656.71
263,Employee 263,employee263@example.com,Finance,86852.51
264,Employee 264,employee264@example.com,HR,55112.25
265,Employee 265,employee265@example.com,Sales,53703.97
266,Employee 266,employee266@example.com,IT,98105.94
267,Employee 267,employee267@example.com,Finance,35726.05
268,Employee 268,employee268@example.com,Finance,86062.00
269,Employee 269,employee269@example.com,HR,31374.86
270,Employee 270,employee270@example.com,Finance,98577.25
271,Employee 271,employee271@example.com,IT,60136.18
272,Employee 272,employee272@example.com,IT,67746.96
273,Employee 273,employee273@example.com,HR,73467.64
274,Employee 274,employee274@example.com,HR,90623.74
275,Employee 275,employee275@example.com,Marketing,74455.92
276,Employee 276,employee276@example.com,Sales,69255.80
277,Employee 277,employee277@example.com,Finance,33315.31
278,Employee 278,employee278@example.com,IT,83711.41
279,Employee 279,employee279@example.com,Finance,98836.75
280,Employee 280,employee280@example.com,HR,42287.51
281,Employee 281,employee281@example.com,IT,38828.78
282,Employee 282,employee282@example.com,IT,60564.17
283,Employee 283,employee283@example.com,Sales,89605.19
284,Employee 284,employee284@example.com,Finance,92502.58
285,Employee 285,employee285@example.com,Marketing,42159.32
286,Employee 286,employee286@example.com,Finance,59740.14
287,Employee 287,employee287@example.com,HR,51834.86
288,Employee 288,employee288@example.com,Finance,66427.36
289,Employee 289,employee289@example.com,Marketing,84327.04
290,Employee 290,employee290@example.com,Sales,78013.37
291,Employee 291,employee291@example.com,Finance,40865.98
292,Employee 292,employee292@example.com,Sales,31347.03
293,Employee 293,employee293@example.com,Finance,44844.75
294,Employee 294,employee294@example.com,Marketing,66918.18
295,Employee 295,employee295@example.com,HR,72687.33
296,Employee 296,employee296@example.com,Marketing,76191.41
297,Employee 297,employee297@example.com,Sales,53344.29
298,Employee 298,employee298@example.com,HR,41032.77
299,Employee 299,employee299@example.com,IT,62300.98
300,Employee 300,employee300@example.com,IT,34521.41
301,Employee 301,employee301@example.com,IT,71717.18
302,Employee 302,employee302@example.com,HR,74701.81
303,Employee 303,employee303@example.com,Finance,55753.83
304,Employee 304,employee304@example.com,HR,61485.93
305,Employee 305,employee305@example.com,HR,82700.45
306,Employee 306,employee306@example.com,Sales,85585.26
307,Employee 307,employee307@example.com,Finance,75395.52
308,Employee 308,employee308@example.com,IT,74623.81
309,Employee 309,employee309@example.com,Sales,67441.30
310,Employee 310,employee310@example.com,IT,38188.40
311,Employee 311,employee311@example.com,Finance,35980.15
312,Employee 312,employee312@example.com,HR,95540.47
313,Employee 313,employee313@example.com,Finance,69118.31
314,Employee 314,employee314@example.com,Marketing,49747.13
315,Employee 315,employee315@example.com,Sales,60769.25
316,Employee 316,employee316@example.com,Sales,80002.91
317,Employee 317,employee317@example.com,Sales,94800.44
318,Employee 318,employee318@example.com,Marketing,55874.20
319,Employee 319,employee319@example.com,Finance,39673.73
320,Employee 320,employee320@example.com,HR,57006.42
321,Employee 321,employee321@example.com,Finance,80598.33
322,Employee 322,employee322@example.com,Finance,91648.04
323,Employee 323,employee323@example.com,Finance,89315.02
324,Employee 324,employee324@example.com,Marketing,75270.41
325,Employee 325,employee325@example.com,Finance,66130.82
326,Employee 326,employee326@example.com,HR,56535.61
327,Employee 327,employee327@example.com,Sales,77551.23
328,Employee 328,employee328@example.com,IT,98983.42
329,Employee 329,employee329@example.com,IT,86272.50
330,Employee 330,employee330@example.com,Marketing,30367.00
331,Employee 331,employee331@example.com,IT,30376.75
332,Employee 332,employee332@example.com,HR,64660.29
333,Employee 333,employee333@example.com,Finance,91019.44
334,Employee 334,employee334@example.com,Sales,35246.70
335,Employee 335,employee335@example.com,Sales,43409.85
336,Employee 336,employee336@example.com,Sales,43599.08
337,Employee 337,employee337@example.com,Sales,44623.77
338,Employee 338,employee338@example.com,Finance,37668.89
339,Employee 339,employee339@example.com,Sales,31025.58
340,Employee 340,employee340@example.com,IT,80550.31
341,Employee 341,employee341@example.com,IT,31994.13
342,Employee 342,employee342@example.com,HR,79332.18
343,Employee 343,employee343@example.com,Marketing,72727.01
344,Employee 344,employee344@example.com,IT,98367.33
345,Employee 345,employee345@example.com,HR,68502.30
346,Employee 346,employee346@example.com,Marketing,94762.53
347,Employee 347,employee347@example.com,HR,75797.83
348,Employee 348,employee348@example.com,Marketing,73247.24
349,Employee 349,employee349@example.com,IT,77867.65
350,Employee 350,employee350@example.com,Finance,30099.22
351,Employee 351,employee351@example.com,IT,98097.95
352,Employee 352,employee352@example.com,Finance,83738.30
353,Employee 353,employee353@example.com,HR,51838.00
354,Employee 354,employee354@example.com,IT,68216.07
355,Employee 355,employee355@example.com,Marketing,39695.40
356,Employee 356,employee356@example.com,HR,48971.94
357,Employee 357,employee357@example.com,HR,55806.43
358,Employee 358,employee358@example.com,Sales,68548.33
359,Employee 359,employee359@example.com,HR,75346.26
360,Employee 360,employee360@example.com,Finance,74028.81
361,Employee 361,employee361@example.com,HR,31477.59
362,Employee 362,employee362@example.com,Finance,41122.46
363,Employee 363,employee363@example.com,Marketing,39941.09
364,Employee 364,employee364@example.com,Sales,96969.41
365,Employee 365,employee365@example.com,Marketing,50565.16
366,Employee 366,employee366@example.com,IT,93984.99
367,Employee 367,employee367@example.com,Finance,35781.20
368,Employee 368,employee368@example.com,IT,32671.21
369,Employee 369,employee369@example.com,Finance,79381.67
370,Employee 370,employee370@example.com,Finance,99637.43
371,Employee 371,employee371@example.com,Sales,69188.39
372,Employee 372,employee372@example.com,Sales,40799.74
373,Employee 373,employee373@example.com,Finance,35072.63
374,Employee 374,employee374@example.com,HR,48088.96
375,Employee 375,employee375@example.com,Marketing,78632.18
376,Employee 376,employee376@example.com,HR,81056.96
377,Employee 377,employee377@example.com,Finance,88404.75
378,Employee 378,employee378@example.com,Marketing,39715.90
379,Employee 379,employee379@example.com,Finance,35955.09
380,Employee 380,employee380@example.com,Finance,41595.97
381,Employee 381,employee381@example.com,HR,94815.16
382,Employee 382,employee382@example.com,HR,56623.75
383,Employee 383,employee383@example.com,Finance,72983.83
384,Employee 384,employee384@example.com,Marketing,84682.42
385,Employee 385,employee385@example.com,Finance,50954.19
386,Employee 386,employee386@example.com,IT,37299.71
387,Employee 387,employee387@example.com,Finance,73245.12
388,Employee 388,employee388@example.com,Finance,67649.31
389,Employee 389,employee389@example.com,Finance,84120.14
390,Employee 390,employee390@example.com,IT,78675.51
391,Employee 391,employee391@example.com,Sales,47544.30
392,Employee 392,employee392@example.com,IT,56505.23
393,Employee 393,employee393@example.com,Marketing,56124.50
394,Employee 394,employee394@example.com,Sales,62270.90
395,Employee 395,employee395@example.com,Finance,30351.18
396,Employee 396,employee396@example.com,Marketing,76970.51
397,Employee 397,employee397@example.com,IT,63060.54
398,Employee 398,employee398@example.com,Sales,98792.80
399,Employee 399,employee399@example.com,Sales,58126.21
400,Employee 400,employee400@example.com,Marketing,87056.09
401,Employee 401,employee401@example.com,Sales,34239.65
402,Employee 402,employee402@example.com,Finance,44517.25
403,Employee 403,employee403@example.com,Finance,95083.42
404,Employee 404,employee404@example.com,HR,62572.90
405,Employee 405,employee405@example.com,Sales,38995.99
406,Employee 406,employee406@example.com,IT,46843.19
407,Employee 407,employee407@example.com,IT,58883.39
408,Employee 408,employee408@example.com,IT,63712.58
409,Employee 409,employee409@example.com,Finance,30059.01
410,Employee 410,employee410@example.com,HR,62274.91
411,Employee 411,employee411@example.com,Finance,48819.76
412,Employee 412,employee412@example.com,HR,67095.25
413,Employee 413,employee413@example.com,Finance,99531.13
414,Employee 414,employee414@example.com,Finance,73438.85
415,Employee 415,employee415@example.com,HR,31304.43
416,Employee 416,employee416@example.com,IT,74567.81
417,Employee 417,employee417@example.com,IT,53783.07
418,Employee 418,employee418@example.com,Finance,36687.26
419,Employee 419,employee419@example.com,HR,32911.39
420,Employee 420,employee420@example.com,HR,47352.48
421,Employee 421,employee421@example.com,IT,51996.65
422,Employee 422,employee422@example.com,Marketing,99150.06
423,Employee 423,employee423@example.com,HR,84772.57
424,Employee 424,employee424@example.com,Finance,60996.68
425,Employee 425,employee425@example.com,Finance,86135.16
426,Employee 426,employee426@example.com,Marketing,91627.38
427,Employee 427,employee427@example.com,Sales,36453.85
428,Employee 428,employee428@example.com,Finance,60209.59
429,Employee 429,employee429@example.com,IT,32063.31
430,Employee 430,employee430@example.com,Sales,44488.19
431,Employee 431,employee431@example.com,Sales,47885.45
432,Employee 432,employee432@example.com,Marketing,66719.48
433,Employee 433,employee433@example.com,IT,69971.48
434,Employee 434,employee434@example.com,IT,38904.68
435,Employee 435,employee435@example.com,IT,44976.49
436,Employee 436,employee436@example.com,Finance,47147.93
437,Employee 437,employee437@example.com,HR,62395.39
438,Employee 438,employee438@example.com,HR,86531.27
439,Employee 439,employee439@example.com,IT,39962.09
440,Employee 440,employee440@example.com,HR,95080.36
441,Employee 441,employee441@example.com,IT,46955.07
442,Employee 442,employee442@example.com,Finance,67295.11
443,Employee 443,employee443@example.com,Marketing,92171.60
444,Employee 444,employee444@example.com,IT,51426.36
445,Employee 445,employee445@example.com,HR,87832.66
446,Employee 446,employee446@example.com,Finance,35312.62
447,Employee 447,employee447@example.com,Finance,84765.03
448,Employee 448,employee448@example.com,HR,99145.57
449,Employee 449,employee449@example.com,Sales,94032.02
450,Employee 450,employee450@example.com,Marketing,77954.61
451,Employee 451,employee451@example.com,HR,83319.75
452,Employee 452,employee452@example.com,Sales,53924.88
453,Employee 453,employee453@example.com,Finance,62340.02
454,Employee 454,employee454@example.com,IT,68097.54
455,Employee 455,employee455@example.com,HR,36874.18
456,Employee 456,employee456@example.com,Sales,44086.78
457,Employee 457,employee457@example.com,Marketing,81775.03
458,Employee 458,employee458@example.com,HR,38137.77
459,Employee 459,employee459@example.com,Marketing,64551.06
460,Employee 460,employee460@example.com,Finance,56016.24
461,Employee 461,employee461@example.com,Marketing,63769.60
462,Employee 462,employee462@example.com,Finance,86187.24
463,Employee 463,employee463@example.com,IT,92915.04
464,Employee 464,employee464@example.com,Marketing,99251.95
465,Employee 465,employee465@example.com,IT,72691.33
466,Employee 466,employee466@example.com,Sales,41317.97
467,Employee 467,employee467@example.com,Marketing,58169.63
468,Employee 468,employee468@example.com,Marketing,42130.86
469,Employee 469,employee469@example.com,HR,99474.06
470,Employee 470,employee470@example.com,Finance,57086.91
471,Employee 471,employee471@example.com,Sales,48450.02
472,Employee 472,employee472@example.com,Finance,47288.36
473,Employee 473,employee473@example.com,Marketing,82538.53
474,Employee 474,employee474@example.com,Finance,58013.86
475,Employee 475,employee475@example.com,Sales,82040.86
476,Employee 476,employee476@example.com,Finance,89440.29
477,Employee 477,employee477@example.com,Finance,51674.84
478,Employee 478,employee478@example.com,IT,59098.82
479,Employee 479,employee479@example.com,IT,69901.83
480,Employee 480,employee480@example.com,Marketing,43832.44
481,Employee 481,employee481@example.com,Marketing,96689.16
482,Employee 482,employee482@example.com,Sales,88394.41
483,Employee 483,employee483@example.com,IT,84295.62
484,Employee 484,employee484@example.com,Marketing,49957.68
485,Employee 485,employee485@example.com,Sales,67099.81
486,Employee 486,employee486@example.com,Sales,81500.99
487,Employee 487,employee487@example.com,IT,77628.12
488,Employee 488,employee488@example.com,Finance,49453.50
489,Employee 489,employee489@example.com,HR,53748.03
490,Employee 490,employee490@example.com,HR,57269.28
491,Employee 491,employee491@example.com,Marketing,43775.30
492,Employee 492,employee492@example.com,Finance,83164.82
493,Employee 493,employee493@example.com,HR,61750.14
494,Employee 494,employee494@example.com,Marketing,68555.79
495,Employee 495,employee495@example.com,HR,47464.56
496,Employee 496,employee496@example.com,IT,84303.96
497,Employee 497,employee497@example.com,IT,45999.70
498,Employee 498,employee498@example.com,IT,83595.93
499,Employee 499,employee499@example.com,Marketing,68423.60
500,Employee 500,employee500@example.com,Sales,40157.81
501,Employee 501,employee501@example.com,Finance,77639.27
502,Employee 502,employee502@example.com,Marketing,54460.14
503,Employee 503,employee503@example.com,Sales,36202.22
504,Employee 504,employee504@example.com,Sales,88197.39
505,Employee 505,employee505@example.com,Sales,47429.24
506,Employee 506,employee506@example.com,Sales,81102.94
507,Employee 507,employee507@example.com,IT,54396.35
508,Employee 508,employee508@example.com,Finance,93882.20
509,Employee 509,employee509@example.com,HR,46033.61
510,Employee 510,employee510@example.com,IT,76182.68
511,Employee 511,employee511@example.com,IT,32506.14
512,Employee 512,employee512@example.com,Sales,53959.70
513,Employee 513,employee513@example.com,Marketing,90958.94
514,Employee 514,employee514@example.com,HR,88211.94
515,Employee 515,employee515@example.com,HR,81923.64
516,Employee 516,employee516@example.com,IT,57146.35
517,Employee 517,employee517@example.com,Finance,76632.43
518,Employee 518,employee518@example.com,Finance,79313.27
519,Employee 519,employee519@example.com,HR,50621.15
520,Employee 520,employee520@example.com,IT,47564.26
521,Employee 521,employee521@example.com,IT,47592.45
522,Employee 522,employee522@example.com,HR,95089.04
523,Employee 523,employee523@example.com,IT,89566.33
524,Employee 524,employee524@example.com,Finance,63599.58
525,Employee 525,employee525@example.com,IT,35189.96
526,Employee 526,employee526@example.com,Sales,68492.76
527,Employee 527,employee527@example.com,Finance,45559.91
528,Employee 528,employee528@example.com,HR,55878.02
529,Employee 529,employee529@example.com,Sales,61454.49
530,Employee 530,employee530@example.com,IT,79097.85
531,Employee 531,employee531@example.com,HR,45577.59
532,Employee 532,employee532@example.com,HR,47614.21
533,Employee 533,employee533@example.com,Sales,79120.02
534,Employee 534,employee534@example.com,Sales,51761.81
535,Employee 535,employee535@example.com,Marketing,31071.04
536,Employee 536,employee536@example.com,Finance,50089.20
537,Employee 537,employee537@example.com,Marketing,30901.06
538,Employee 538,employee538@example.com,IT,68942.78
539,Employee 539,employee539@example.com,Marketing,48365.76
540,Employee 540,employee540@example.com,Sales,96113.50
541,Employee 541,employee541@example.com,Finance,73309.86
542,Employee 542,employee542@example.com,IT,96336.13
543,Employee 543,employee543@example.com,HR,47935.65
544,Employee 544,employee544@example.com,HR,76735.58
545,Employee 545,employee545@example.com,Sales,42976.59
546,Employee 546,employee546@example.com,Marketing,95537.76
547,Employee 547,employee547@example.com,Marketing,77504.36
548,Employee 548,employee548@example.com,IT,82643.48
549,Employee 549,employee549@example.com,HR,34026.69
550,Employee 550,employee550@example.com,Sales,57747.57
551,Employee 551,employee551@example.com,Marketing,45484.71
552,Employee 552,employee552@example.com,Finance,92704.80
553,Employee 553,employee553@example.com,HR,69288.40
554,Employee 554,employee554@example.com,Marketing,96444.33
555,Employee 555,employee555@example.com,Finance,50946.80
556,Employee 556,employee556@example.com,Finance,76239.42
557,Employee 557,employee557@example.com,Marketing,88276.51
558,Employee 558,employee558@example.com,Marketing,66538.18
559,Employee 559,employee559@example.com,Sales,65631.05
560,Employee 560,employee560@example.com,Sales,97073.46
561,Employee 561,employee561@example.com,Sales,92662.01
562,Employee 562,employee562@example.com,Marketing,81975.72
563,Employee 563,employee563@example.com,Marketing,83944.72
564,Employee 564,employee564@example.com,IT,48844.74
565,Employee 565,employee565@example.com,HR,86224.56
566,Employee 566,employee566@example.com,Marketing,35629.72
567,Employee 567,employee567@example.com,Finance,47013.77
568,Employee 568,employee568@example.com,IT,95667.35
569,Employee 569,employee569@example.com,Finance,59737.98
570,Employee 570,employee570@example.com,HR,63793.40
571,Employee 571,employee571@example.com,Marketing,91781.91
572,Employee 572,employee572@example.com,HR,63826.21
573,Employee 573,employee573@example.com,Finance,55283.45
574,Employee 574,employee574@example.com,IT,33378.18
575,Employee 575,employee575@example.com,IT,57842.60
576,Employee 576,employee576@example.com,Marketing,60798.06
577,Employee 577,employee577@example.com,Sales,65001.15
578,Employee 578,employee578@example.com,Finance,85696.84
579,Employee 579,employee579@example.com,Marketing,76427.20
580,Employee 580,employee580@example.com,IT,63534.99
581,Employee 581,employee581@example.com,Sales,51850.44
582,Employee 582,employee582@example.com,IT,82863.78
583,Employee 583,employee583@example.com,HR,41206.32
584,Employee 584,employee584@example.com,HR,63307.42
585,Employee 585,employee585@example.com,Finance,57798.67
586,Employee 586,employee586@example.com,HR,90515.10
587,Employee 587,employee587@example.com,Marketing,43982.67
588,Employee 588,employee588@example.com,Sales,93941.23
589,Employee 589,employee589@example.com,Finance,65118.84
590,Employee 590,employee590@example.com,Finance,91960.41
591,Employee 591,employee591@example.com,Sales,68510.44
592,Employee 592,employee592@example.com,Marketing,51393.55
593,Employee 593,employee593@example.com,IT,60513.64
594,Employee 594,employee594@example.com,Marketing,83485.56
595,Employee 595,employee595@example.com,Marketing,56078.08
596,Employee 596,employee596@example.com,Sales,98518.76
597,Employee 597,employee597@example.com,HR,44795.70
598,Employee 598,employee598@example.com,Sales,91421.20
599,Employee 599,employee599@example.com,Sales,81702.57
600,Employee 600,employee600@example.com,Marketing,33277.64
601,Employee 601,employee601@example.com,IT,84656.31
602,Employee 602,employee602@example.com,Marketing,51338.82
603,Employee 603,employee603@example.com,Marketing,38252.50
604,Employee 604,employee604@example.com,Marketing,75182.04
605,Employee 605,employee605@example.com,Finance,56061.35
606,Employee 606,employee606@example.com,IT,53197.12
607,Employee 607,employee607@example.com,HR,83768.93
608,Employee 608,employee608@example.com,Marketing,84959.88
609,Employee 609,employee609@example.com,HR,52533.21
610,Employee 610,employee610@example.com,Finance,42388.84
611,Employee 611,employee611@example.com,Finance,56370.97
612,Employee 612,employee612@example.com,Finance,62728.66
613,Employee 613,employee613@example.com,Finance,76482.21
614,Employee 614,employee614@example.com,Sales,98838.25
615,Employee 615,employee615@example.com,HR,73442.10
616,Employee 616,employee616@example.com,Sales,63317.01
617,Employee 617,employee617@example.com,IT,78846.30
618,Employee 618,employee618@example.com,HR,61228.72
619,Employee 619,employee619@example.com,HR,32414.46
620,Employee 620,employee620@example.com,HR,77152.83
621,Employee 621,employee621@example.com,Finance,98944.76
622,Employee 622,employee622@example.com,Finance,33119.66
623,Employee 623,employee623@example.com,Sales,63560.64
624,Employee 624,employee624@example.com,HR,85036.38
625,Employee 625,employee625@example.com,IT,73722.75
626,Employee 626,employee626@example.com,HR,70025.68
627,Employee 627,employee627@example.com,HR,63422.12
628,Employee 628,employee628@example.com,Marketing,85361.78
629,Employee 629,employee629@example.com,HR,75410.65
630,Employee 630,employee630@example.com,Finance,67422.13
631,Employee 631,employee631@example.com,HR,72240.80
632,Employee 632,employee632@example.com,Finance,72034.35
633,Employee 633,employee633@example.com,HR,78833.38
634,Employee 634,employee634@example.com,IT,50597.99
635,Employee 635,employee635@example.com,IT,59927.29
636,Employee 636,employee636@example.com,Finance,58761.12
637,Employee 637,employee637@example.com,Finance,51687.04
638,Employee 638,employee638@example.com,Marketing,30144.65
639,Employee 639,employee639@example.com,Marketing,96484.77
640,Employee 640,employee640@example.com,Finance,87988.01
641,Employee 641,employee641@example.com,Marketing,50823.55
642,Employee 642,employee642@example.com,IT,80009.28
643,Employee 643,employee643@example.com,IT,55777.16
644,Employee 644,employee644@example.com,Sales,60208.50
645,Employee 645,employee645@example.com,Sales,59433.85
646,Employee 646,employee646@example.com,HR,82684.32
647,Employee 647,employee647@example.com,Marketing,73920.81
648,Employee 648,employee648@example.com,HR,40886.97
649,Employee 649,employee649@example.com,IT,94630.35
650,Employee 650,employee650@example.com,HR,37052.06
651,Employee 651,employee651@example.com,Sales,85761.88
652,Employee 652,employee652@example.com,IT,30538.51
653,Employee 653,employee653@example.com,IT,35071.12
654,Employee 654,employee654@example.com,Marketing,64122.53
655,Employee 655,employee655@example.com,Marketing,93483.22
656,Employee 656,employee656@example.com,HR,83205.56
657,Employee 657,employee657@example.com,IT,65712.87
658,Employee 658,employee658@example.com,Finance,68458.00
659,Employee 659,employee659@example.com,Marketing,61052.16
660,Employee 660,employee660@example.com,Sales,80221.00
661,Employee 661,employee661@example.com,IT,68035.39
662,Employee 662,employee662@example.com,Sales,57117.99
663,Employee 663,employee663@example.com,IT,39137.94
664,Employee 664,employee664@example.com,HR,65088.81
665,Employee 665,employee665@example.com,Finance,45675.87
666,Employee 666,employee666@example.com,Marketing,38162.64
667,Employee 667,employee667@example.com,Marketing,79441.77
668,Employee 668,employee668@example.com,IT,91434.17
669,Employee 669,employee669@example.com,Finance,40858.87
670,Employee 670,employee670@example.com,HR,70187.73
671,Employee 671,employee671@example.com,Sales,72297.39
672,Employee 672,employee672@example.com,Sales,43265.55
673,Employee 673,employee673@example.com,HR,95193.31
674,Employee 674,employee674@example.com,Finance,59605.04
675,Employee 675,employee675@example.com,IT,83529.84
676,Employee 676,employee676@example.com,Sales,74869.62
677,Employee 677,employee677@example.com,HR,55634.95
678,Employee 678,employee678@example.com,Marketing,74974.79
679,Employee 679,employee679@example.com,Sales,53888.75
680,Employee 680,employee680@example.com,Marketing,79691.05
681,Employee 681,employee681@example.com,HR,61866.80
682,Employee 682,employee682@example.com,Finance,51916.31
683,Employee 683,employee683@example.com,Sales,31397.38
684,Employee 684,employee684@example.com,HR,41691.78
685,Employee 685,employee685@example.com,Finance,69705.11
686,Employee 686,employee686@example.com,IT,96053.59
687,Employee 687,employee687@example.com,Marketing,85511.30
688,Employee 688,employee688@example.com,Sales,41586.50
689,Employee 689,employee689@example.com,HR,86736.44
690,Employee 690,employee690@example.com,Marketing,70271.15
691,Employee 691,employee691@example.com,Finance,79490.35
692,Employee 692,employee692@example.com,Marketing,78832.27
693,Employee 693,employee693@example.com,Finance,75054.70
694,Employee 694,employee694@example.com,IT,31641.08
695,Employee 695,employee695@example.com,Finance,49383.96
696,Employee 696,employee696@example.com,Finance,99345.89
697,Employee 697,employee697@example.com,HR,86969.28
698,Employee 698,employee698@example.com,HR,97016.57
699,Employee 699,employee699@example.com,HR,40559.01
700,Employee 700,employee700@example.com,Sales,86013.58
701,Employee 701,employee701@example.com,HR,97649.43
702,Employee 702,employee702@example.com,Marketing,59900.96
703,Employee 703,employee703@example.com,Sales,87130.22
704,Employee 704,employee704@example.com,HR,96969.03
705,Employee 705,employee705@example.com,Sales,79690.97
706,Employee 706,employee706@example.com,Marketing,95340.25
707,Employee 707,employee707@example.com,IT,58990.73
708,Employee 708,employee708@example.com,HR,49702.36
709,Employee 709,employee709@example.com,Finance,74789.64
710,Employee 710,employee710@example.com,HR,35626.42
711,Employee 711,employee711@example.com,Finance,65505.41
712,Employee 712,employee712@example.com,Marketing,55465.91
713,Employee 713,employee713@example.com,IT,36316.48
714,Employee 714,employee714@example.com,IT,75221.67
715,Employee 715,employee715@example.com,Marketing,94209.90
716,Employee 716,employee716@example.com,HR,77865.96
717,Employee 717,employee717@example.com,IT,87191.85
718,Employee 718,employee718@example.com,Sales,38825.03
719,Employee 719,employee719@example.com,Sales,92270.89
720,Employee 720,employee720@example.com,Sales,71076.79
721,Employee 721,employee721@example.com,Sales,95362.82
722,Employee 722,employee722@example.com,HR,93893.37
723,Employee 723,employee723@example.com,HR,86705.24
724,Employee 724,employee724@example.com,Finance,76952.91
725,Employee 725,employee725@example.com,IT,43812.59
726,Employee 726,employee726@example.com,Finance,91451.23
727,Employee 727,employee727@example.com,Marketing,57531.84
728,Employee 728,employee728@example.com,Marketing,42990.49
729,Employee 729,employee729@example.com,Marketing,68454.22
730,Employee 730,employee730@example.com,IT,97908.19
731,Employee 731,employee731@example.com,Marketing,68592.77
732,Employee 732,employee732@example.com,Sales,72359.88
733,Employee 733,employee733@example.com,HR,75717.85
734,Employee 734,employee734@example.com,Sales,87460.50
735,Employee 735,employee735@example.com,IT,52283.25
736,Employee 736,employee736@example.com,Sales,60283.61
737,Employee 737,employee737@example.com,HR,51769.37
738,Employee 738,employee738@example.com,IT,69028.75
739,Employee 739,employee739@example.com,Marketing,39820.15
740,Employee 740,employee740@example.com,Finance,51358.64
741,Employee 741,employee741@example.com,Sales,61454.83
742,Employee 742,employee742@example.com,Marketing,63897.69
743,Employee 743,employee743@example.com,Sales,33553.51
744,Employee 744,employee744@example.com,IT,75339.39
745,Employee 745,employee745@example.com,Sales,79587.61
746,Employee 746,employee746@example.com,HR,81184.33
747,Employee 747,employee747@example.com,HR,30933.26
748,Employee 748,employee748@example.com,Marketing,94244.04
749,Employee 749,employee749@example.com,HR,83798.96
750,Employee 750,employee750@example.com,HR,85973.27
751,Employee 751,employee751@example.com,Finance,89224.45
752,Employee 752,employee752@example.com,HR,77036.47
753,Employee 753,employee753@example.com,Sales,83436.23
754,Employee 754,employee754@example.com,Marketing,48320.09
755,Employee 755,employee755@example.com,IT,97144.07
756,Employee 756,employee756@example.com,Finance,41008.72
757,Employee 757,employee757@example.com,HR,37312.43
758,Employee 758,employee758@example.com,HR,95406.60
759,Employee 759,employee759@example.com,Finance,71441.74
760,Employee 760,employee760@example.com,Finance,62334.70
761,Employee 761,employee761@example.com,Marketing,74701.73
762,Employee 762,employee762@example.com,Finance,61189.58
763,Employee 763,employee763@example.com,IT,32678.58
764,Employee 764,employee764@example.com,Marketing,71542.34
765,Employee 765,employee765@example.com,Marketing,31806.67
766,Employee 766,employee766@example.com,IT,77864.44
767,Employee 767,employee767@example.com,Finance,32901.96
768,Employee 768,employee768@example.com,HR,33686.18
769,Employee 769,employee769@example.com,Finance,45906.93
770,Employee 770,employee770@example.com,IT,61694.16
771,Employee 771,employee771@example.com,Sales,79201.10
772,Employee 772,employee772@example.com,IT,91000.97
773,Employee 773,employee773@example.com,Sales,45421.39
774,Employee 774,employee774@example.com,Marketing,33756.72
775,Employee 775,employee775@example.com,Finance,72456.20
776,Employee 776,employee776@example.com,HR,30120.05
777,Employee 777,employee777@example.com,Finance,97343.49
778,Employee 778,employee778@example.com,Marketing,46378.72
779,Employee 779,employee779@example.com,Sales,64159.04
780,Employee 780,employee780@example.com,IT,53776.38
781,Employee 781,employee781@example.com,Marketing,59833.88
782,Employee 782,employee782@example.com,Sales,72044.56
783,Employee 783,employee783@example.com,Marketing,32750.61
784,Employee 784,employee784@example.com,HR,73237.84
785,Employee 785,employee785@example.com,Marketing,45527.52
786,Employee 786,employee786@example.com,HR,58054.24
787,Employee 787,employee787@example.com,IT,72523.35
788,Employee 788,employee788@example.com,Sales,40184.04
789,Employee 789,employee789@example.com,Marketing,31293.21
790,Employee 790,employee790@example.com,HR,48551.52
791,Employee 791,employee791@example.com,Marketing,94231.03
792,Employee 792,employee792@example.com,HR,44190.35
793,Employee 793,employee793@example.com,IT,47541.62
794,Employee 794,employee794@example.com,Marketing,58356.30
795,Employee 795,employee795@example.com,IT,56335.99
796,Employee 796,employee796@example.com,HR,43692.35
797,Employee 797,employee797@example.com,HR,80376.78
798,Employee 798,employee798@example.com,IT,86188.97
799,Employee 799,employee799@example.com,Marketing,84712.74
800,Employee 800,employee800@example.com,IT,77910.25
801,Employee 801,employee801@example.com,IT,55093.20
802,Employee 802,employee802@example.com,Finance,65398.45
803,Employee 803,employee803@example.com,Sales,56307.16
804,Employee 804,employee804@example.com,IT,53074.65
805,Employee 805,employee805@example.com,Marketing,73184.63
806,Employee 806,employee806@example.com,Marketing,35061.52
807,Employee 807,employee807@example.com,IT,54294.41
808,Employee 808,employee808@example.com,Marketing,43591.90
809,Employee 809,employee809@example.com,Marketing,94452.50
810,Employee 810,employee810@example.com,IT,73343.75
811,Employee 811,employee811@example.com,Marketing,68032.08
812,Employee 812,employee812@example.com,IT,37597.00
813,Employee 813,employee813@example.com,Finance,88519.70
814,Employee 814,employee814@example.com,Sales,31265.88
815,Employee 815,employee815@example.com,IT,36220.02
816,Employee 816,employee816@example.com,Sales,30170.10
817,Employee 817,employee817@example.com,IT,30239.20
818,Employee 818,employee818@example.com,HR,38418.56
819,Employee 819,employee819@example.com,Sales,63538.68
820,Employee 820,employee820@example.com,Sales,75265.77
821,Employee 821,employee821@example.com,Finance,45046.89
822,Employee 822,employee822@example.com,IT,97753.31
823,Employee 823,employee823@example.com,Finance,42089.11
824,Employee 824,employee824@example.com,Sales,68456.08
825,Employee 825,employee825@example.com,Finance,50972.08
826,Employee 826,employee826@example.com,Finance,39057.99
827,Employee 827,employee827@example.com,IT,54684.18
828,Employee 828,employee828@example.com,Marketing,59155.50
829,Employee 829,employee829@example.com,IT,64826.83
830,Employee 830,employee830@example.com,IT,75764.88
831,Employee 831,employee831@example.com,Sales,66541.35
832,Employee 832,employee832@example.com,Sales,74477.39
833,Employee 833,employee833@example.com,IT,85981.34
834,Employee 834,employee834@example.com,Finance,57476.75
835,Employee 835,employee835@example.com,Marketing,31415.83
836,Employee 836,employee836@example.com,Marketing,46200.63
837,Employee 837,employee837@example.com,IT,88372.50
838,Employee 838,employee838@example.com,HR,32259.43
839,Employee 839,employee839@example.com,IT,45160.66
840,Employee 840,employee840@example.com,HR,39675.58
841,Employee 841,employee841@example.com,IT,82034.67
842,Employee 842,employee842@example.com,Finance,79329.54
843,Employee 843,employee843@example.com,IT,91956.37
844,Employee 844,employee844@example.com,Finance,37228.35
845,Employee 845,employee845@example.com,HR,41916.11
846,Employee 846,employee846@example.com,Finance,90316.88
847,Employee 847,employee847@example.com,Sales,40517.62
848,Employee 848,employee848@example.com,HR,41271.54
849,Employee 849,employee849@example.com,Finance,43704.07
850,Employee 850,employee850@example.com,Finance,78855.33
851,Employee 851,employee851@example.com,HR,66188.15
852,Employee 852,employee852@example.com,HR,53000.30
853,Employee 853,employee853@example.com,HR,44140.76
854,Employee 854,employee854@example.com,Sales,48135.03
855,Employee 855,employee855@example.com,IT,58369.34
856,Employee 856,employee856@example.com,Marketing,31981.31
857,Employee 857,employee857@example.com,IT,94991.84
858,Employee 858,employee858@example.com,IT,46743.63
859,Employee 859,employee859@example.com,IT,66449.82
860,Employee 860,employee860@example.com,HR,65271.31
861,Employee 861,employee861@example.com,Marketing,85084.64
862,Employee 862,employee862@example.com,IT,69448.62
863,Employee 863,employee863@example.com,Finance,86742.10
864,Employee 864,employee864@example.com,Finance,65236.32
865,Employee 865,employee865@example.com,Sales,99653.17
866,Employee 866,employee866@example.com,Marketing,57622.84
867,Employee 867,employee867@example.com,HR,69237.41
868,Employee 868,employee868@example.com,Finance,46226.76
869,Employee 869,employee869@example.com,HR,79055.86
870,Employee 870,employee870@example.com,Finance,36953.12
871,Employee 871,employee871@example.com,HR,88548.99
872,Employee 872,employee872@example.com,Marketing,58751.96
873,Employee 873,employee873@example.com,Sales,66067.07
874,Employee 874,employee874@example.com,Finance,34110.41
875,Employee 875,employee875@example.com,Marketing,85654.76
876,Employee 876,employee876@example.com,Marketing,78564.65
877,Employee 877,employee877@example.com,HR,56794.97
878,Employee 878,employee878@example.com,Finance,82548.07
879,Employee 879,employee879@example.com,Sales,79526.46
880,Employee 880,employee880@example.com,HR,80083.78
881,Employee 881,employee881@example.com,Sales,78852.95
882,Employee 882,employee882@example.com,IT,91897.82
883,Employee 883,employee883@example.com,Finance,55238.58
884,Employee 884,employee884@example.com,Marketing,86457.56
885,Employee 885,employee885@example.com,Finance,66393.01
886,Employee 886,employee886@example.com,Sales,74586.93
887,Employee 887,employee887@example.com,Sales,47004.60
888,Employee 888,employee888@example.com,Finance,74355.42
889,Employee 889,employee889@example.com,Sales,55167.41
890,Employee 890,employee890@example.com,Finance,61437.87
891,Employee 891,employee891@example.com,IT,43858.94
892,Employee 892,employee892@example.com,Finance,50385.18
893,Employee 893,employee893@example.com,Marketing,79387.14
894,Employee 894,employee894@example.com,Finance,78830.23
895,Employee 895,employee895@example.com,Sales,39167.61
896,Employee 896,employee896@example.com,IT,87735.39
897,Employee 897,employee897@example.com,Sales,76552.20
898,Employee 898,employee898@example.com,IT,82421.30
899,Employee 899,employee899@example.com,HR,89171.58
900,Employee 900,employee900@example.com,Sales,92112.76
901,Employee 901,employee901@example.com,HR,74538.12
902,Employee 902,employee902@example.com,Sales,74130.57
903,Employee 903,employee903@example.com,Sales,82943.51
904,Employee 904,employee904@example.com,Sales,61956.99
905,Employee 905,employee905@example.com,HR,63915.76
906,Employee 906,employee906@example.com,Marketing,43415.75
907,Employee 907,employee907@example.com,HR,72289.86
908,Employee 908,employee908@example.com,Marketing,56326.84
909,Employee 909,employee909@example.com,Sales,54175.10
910,Employee 910,employee910@example.com,Sales,74656.61
911,Employee 911,employee911@example.com,Finance,31218.43
912,Employee 912,employee912@example.com,Finance,98710.90
913,Employee 913,employee913@example.com,Finance,61832.26
914,Employee 914,employee914@example.com,Marketing,49916.55
915,Employee 915,employee915@example.com,IT,97412.70
916,Employee 916,employee916@example.com,Finance,31942.99
917,Employee 917,employee917@example.com,Sales,75771.93
918,Employee 918,employee918@example.com,Finance,57167.91
919,Employee 919,employee919@example.com,Marketing,51533.50
920,Employee 920,employee920@example.com,Sales,47129.36
921,Employee 921,employee921@example.com,IT,70022.45
922,Employee 922,employee922@example.com,Sales,96131.87
923,Employee 923,employee923@example.com,HR,48768.41
924,Employee 924,employee924@example.com,Sales,46293.03
925,Employee 925,employee925@example.com,Marketing,55650.08
926,Employee 926,employee926@example.com,Marketing,44773.36
927,Employee 927,employee927@example.com,Finance,90110.76
928,Employee 928,employee928@example.com,Finance,38524.96
929,Employee 929,employee929@example.com,IT,63002.89
930,Employee 930,employee930@example.com,Marketing,70241.15
931,Employee 931,employee931@example.com,HR,99234.55
932,Employee 932,employee932@example.com,HR,39842.90
933,Employee 933,employee933@example.com,HR,54349.08
934,Employee 934,employee934@example.com,Finance,72825.36
935,Employee 935,employee935@example.com,IT,39171.70
936,Employee 936,employee936@example.com,Sales,53984.64
937,Employee 937,employee937@example.com,HR,95994.16
938,Employee 938,employee938@example.com,HR,62304.88
939,Employee 939,employee939@example.com,Marketing,87897.10
940,Employee 940,employee940@example.com,Sales,92920.18
941,Employee 941,employee941@example.com,HR,62418.60
942,Employee 942,employee942@example.com,IT,92350.51
943,Employee 943,employee943@example.com,Marketing,35751.77
944,Employee 944,employee944@example.com,IT,68939.14
945,Employee 945,employee945@example.com,IT,55936.64
946,Employee 946,employee946@example.com,Finance,92478.38
947,Employee 947,employee947@example.com,HR,46269.56
948,Employee 948,employee948@example.com,HR,91372.98
949,Employee 949,employee949@example.com,IT,99568.38
950,Employee 950,employee950@example.com,Sales,40023.07
951,Employee 951,employee951@example.com,Marketing,47673.83
952,Employee 952,employee952@example.com,HR,56685.21
953,Employee 953,employee953@example.com,Marketing,67740.95
954,Employee 954,employee954@example.com,Sales,54826.19
955,Employee 955,employee955@example.com,Sales,73668.65
956,Employee 956,employee956@example.com,IT,55105.09
957,Employee 957,employee957@example.com,Sales,82005.39
958,Employee 958,employee958@example.com,HR,66293.56
959,Employee 959,employee959@example.com,IT,37132.30
960,Employee 960,employee960@example.com,Marketing,40890.04
961,Employee 961,employee961@example.com,Marketing,63072.47
962,Employee 962,employee962@example.com,Sales,55555.49
963,Employee 963,employee963@example.com,Marketing,86519.19
964,Employee 964,employee964@example.com,Finance,94367.33
965,Employee 965,employee965@example.com,Finance,47192.08
966,Employee 966,employee966@example.com,Finance,62732.68
967,Employee 967,employee967@example.com,IT,39220.70
968,Employee 968,employee968@example.com,Sales,78286.93
969,Employee 969,employee969@example.com,HR,66199.22
970,Employee 970,employee970@example.com,Sales,79883.65
971,Employee 971,employee971@example.com,Marketing,69822.50
972,Employee 972,employee972@example.com,HR,85326.92
973,Employee 973,employee973@example.com,HR,72881.58
974,Employee 974,employee974@example.com,Finance,31030.22
975,Employee 975,employee975@example.com,IT,73611.34
976,Employee 976,employee976@example.com,IT,86422.97
977,Employee 977,employee977@example.com,IT,88919.11
978,Employee 978,employee978@example.com,Finance,90714.08
979,Employee 979,employee979@example.com,Finance,33705.18
980,Employee 980,employee980@example.com,Finance,55308.14
981,Employee 981,employee981@example.com,Marketing,31917.07
982,Employee 982,employee982@example.com,IT,31345.40
983,Employee 983,employee983@example.com,Finance,62513.23
984,Employee 984,employee984@example.com,IT,37532.02
985,Employee 985,employee985@example.com,Marketing,57697.42
986,Employee 986,employee986@example.com,IT,68551.36
987,Employee 987,employee987@example.com,Marketing,42825.08
988,Employee 988,employee988@example.com,Marketing,43182.87
989,Employee 989,employee989@example.com,Marketing,59216.88
990,Employee 990,employee990@example.com,Sales,48864.59
991,Employee 991,employee991@example.com,HR,35582.42
992,Employee 992,employee992@example.com,Finance,41544.29
993,Employee 993,employee993@example.com,Marketing,82777.35
994,Employee 994,employee994@example.com,IT,99700.38
995,Employee 995,employee995@example.com,Sales,37494.31
996,Employee 996,employee996@example.com,IT,54625.90
997,Employee 997,employee997@example.com,Sales,39291.19
998,Employee 998,employee998@example.com,HR,89030.31
999,Employee 999,employee999@example.com,Marketing,96828.91
1000,Employee 1000,employee1000@example.com,Finance,85382.47
