id,name,email,department,salary
1001,Employee 1001,employee1001@example.com,HR,31942.99
1002,Employee 1002,employee1002@example.com,Finance,98105.94
1003,Employee 1003,employee1003@example.com,Marketing,85361.78
1004,Employee 1004,employee1004@example.com,Marketing,53924.88
1005,Employee 1005,employee1005@example.com,HR,51533.5
1006,Employee 1006,employee1006@example.com,IT,76605.49
1007,Employee 1007,employee1007@example.com,Finance,43599.08
1008,Employee 1008,employee1008@example.com,Sales,72983.83
1009,Employee 1009,employee1009@example.com,Finance,52722.45
1010,Employee 1010,employee1010@example.com,Finance,47464.56
1011,Employee 1011,employee1011@example.com,IT,38904.68
1012,Employee 1012,employee1012@example.com,IT,47592.45
1013,Employee 1013,employee1013@example.com,Marketing,46955.07
1014,Employee 1014,employee1014@example.com,Finance,68969.4
1015,Employee 1015,employee1015@example.com,Marketing,99568.38
1016,Employee 1016,employee1016@example.com,Marketing,99234.55
1017,Employee 1017,employee1017@example.com,IT,38434.4
1018,Employee 1018,employee1018@example.com,IT,68430.29
1019,Employee 1019,employee1019@example.com,Sales,94836.46
1020,Employee 1020,employee1020@example.com,Finance,41595.97
1021,Employee 1021,employee1021@example.com,HR,69028.75
1022,Employee 1022,employee1022@example.com,Sales,40111.88
1023,Employee 1023,employee1023@example.com,HR,69137.72
1024,Employee 1024,employee1024@example.com,Finance,44190.35
1025,Employee 1025,employee1025@example.com,Marketing,35781.2
1026,Employee 1026,employee1026@example.com,HR,96969.41
1027,Employee 1027,employee1027@example.com,Finance,79690.97
1028,Employee 1028,employee1028@example.com,HR,91000.97
1029,Employee 1029,employee1029@example.com,Sales,68548.33
1030,Employee 1030,employee1030@example.com,Finance,37273.09
1031,Employee 1031,employee1031@example.com,Marketing,98838.25
1032,Employee 1032,employee1032@example.com,IT,99700.38
1033,Employee 1033,employee1033@example.com,Finance,43775.3
1034,Employee 1034,employee1034@example.com,Finance,76659.43
1035,Employee 1035,employee1035@example.com,Finance,78286.93
1036,Employee 1036,employee1036@example.com,HR,98983.42
1037,Employee 1037,employee1037@example.com,Marketing,85973.27
1038,Employee 1038,employee1038@example.com,HR,65025.96
1039,Employee 1039,employee1039@example.com,HR,74586.93
1040,Employee 1040,employee1040@example.com,Marketing,45046.89
1041,Employee 1041,employee1041@example.com,Sales,53834.86
1042,Employee 1042,employee1042@example.com,Marketing,65503.48
1043,Employee 1043,employee1043@example.com,Finance,45046.89
1044,Employee 1044,employee1044@example.com,Marketing,41271.54
1045,Employee 1045,employee1045@example.com,Sales,48365.76
1046,Employee 1046,employee1046@example.com,Marketing,75095.38
1047,Employee 1047,employee1047@example.com,Finance,54294.41
1048,Employee 1048,employee1048@example.com,Marketing,47541.62
1049,Employee 1049,employee1049@example.com,IT,55650.08
1050,Employee 1050,employee1050@example.com,IT,69137.72
1051,Employee 1051,employee1051@example.com,Marketing,39715.9
1052,Employee 1052,employee1052@example.com,HR,51996.65
1053,Employee 1053,employee1053@example.com,IT,48819.76
1054,Employee 1054,employee1054@example.com,Finance,74701.81
1055,Employee 1055,employee1055@example.com,IT,62274.91
1056,Employee 1056,employee1056@example.com,Sales,80376.78
1057,Employee 1057,employee1057@example.com,Finance,67295.11
1058,Employee 1058,employee1058@example.com,Finance,85036.38
1059,Employee 1059,employee1059@example.com,Finance,69028.75
1060,Employee 1060,employee1060@example.com,Marketing,63769.6
1061,Employee 1061,employee1061@example.com,Sales,77510.62
1062,Employee 1062,employee1062@example.com,IT,87576.67
1063,Employee 1063,employee1063@example.com,Finance,64159.04
1064,Employee 1064,employee1064@example.com,Marketing,83809.74
1065,Employee 1065,employee1065@example.com,HR,59155.5
1066,Employee 1066,employee1066@example.com,Marketing,32506.14
1067,Employee 1067,employee1067@example.com,Marketing,58054.24
1068,Employee 1068,employee1068@example.com,Marketing,45527.52
1069,Employee 1069,employee1069@example.com,IT,67746.96
1070,Employee 1070,employee1070@example.com,Sales,31981.31
1071,Employee 1071,employee1071@example.com,IT,61790.04
1072,Employee 1072,employee1072@example.com,Finance,38825.03
1073,Employee 1073,employee1073@example.com,HR,66541.35
1074,Employee 1074,employee1074@example.com,Marketing,58990.73
1075,Employee 1075,employee1075@example.com,HR,44844.75
1076,Employee 1076,employee1076@example.com,Finance,31953.87
1077,Employee 1077,employee1077@example.com,IT,35866.86
1078,Employee 1078,employee1078@example.com,Finance,81340.98
1079,Employee 1079,employee1079@example.com,HR,79490.35
1080,Employee 1080,employee1080@example.com,HR,86746.42
1081,Employee 1081,employee1081@example.com,IT,34026.69
1082,Employee 1082,employee1082@example.com,Marketing,39057.99
1083,Employee 1083,employee1083@example.com,HR,90714.08
1084,Employee 1084,employee1084@example.com,Finance,84682.42
1085,Employee 1085,employee1085@example.com,IT,94800.44
1086,Employee 1086,employee1086@example.com,Marketing,40351.1
1087,Employee 1087,employee1087@example.com,Marketing,86457.56
1088,Employee 1088,employee1088@example.com,Sales,60136.18
1089,Employee 1089,employee1089@example.com,HR,62418.6
1090,Employee 1090,employee1090@example.com,Sales,92478.38
1091,Employee 1091,employee1091@example.com,Finance,34187.99
1092,Employee 1092,employee1092@example.com,Sales,94991.84
1093,Employee 1093,employee1093@example.com,Marketing,85084.64
1094,Employee 1094,employee1094@example.com,HR,72687.33
1095,Employee 1095,employee1095@example.com,Marketing,41793.51
1096,Employee 1096,employee1096@example.com,Sales,94893.82
1097,Employee 1097,employee1097@example.com,HR,79120.02
1098,Employee 1098,employee1098@example.com,Finance,37052.06
1099,Employee 1099,employee1099@example.com,Finance,44140.76
1100,Employee 1100,employee1100@example.com,Finance,73247.24
1101,Employee 1101,employee1101@example.com,IT,49702.36
1102,Employee 1102,employee1102@example.com,Finance,38188.4
1103,Employee 1103,employee1103@example.com,Marketing,48768.41
1104,Employee 1104,employee1104@example.com,HR,96336.13
1105,Employee 1105,employee1105@example.com,HR,75568.17
1106,Employee 1106,employee1106@example.com,IT,93926.76
1107,Employee 1107,employee1107@example.com,Sales,58392.47
1108,Employee 1108,employee1108@example.com,Finance,61485.93
1109,Employee 1109,employee1109@example.com,HR,56685.21
1110,Employee 1110,employee1110@example.com,Finance,41008.72
1111,Employee 1111,employee1111@example.com,Sales,71441.74
1112,Employee 1112,employee1112@example.com,HR,55806.43
1113,Employee 1113,employee1113@example.com,HR,95406.6
1114,Employee 1114,employee1114@example.com,HR,36316.48
1115,Employee 1115,employee1115@example.com,IT,30351.18
1116,Employee 1116,employee1116@example.com,HR,36220.02
1117,Employee 1117,employee1117@example.com,Marketing,79587.61
1118,Employee 1118,employee1118@example.com,Marketing,38337.73
1119,Employee 1119,employee1119@example.com,Sales,56370.97
1120,Employee 1120,employee1120@example.com,Finance,73943.91
1121,Employee 1121,employee1121@example.com,HR,79163.32
1122,Employee 1122,employee1122@example.com,HR,47039.07
1123,Employee 1123,employee1123@example.com,Marketing,57842.6
1124,Employee 1124,employee1124@example.com,Finance,85973.27
1125,Employee 1125,employee1125@example.com,Finance,59394.91
1126,Employee 1126,employee1126@example.com,Marketing,79526.46
1127,Employee 1127,employee1127@example.com,IT,97589.9
1128,Employee 1128,employee1128@example.com,Marketing,61189.58
1129,Employee 1129,employee1129@example.com,IT,79381.67
1130,Employee 1130,employee1130@example.com,HR,68502.3
1131,Employee 1131,employee1131@example.com,Sales,63317.01
1132,Employee 1132,employee1132@example.com,IT,78293.57
1133,Employee 1133,employee1133@example.com,IT,69311.38
1134,Employee 1134,employee1134@example.com,IT,54684.18
1135,Employee 1135,employee1135@example.com,Sales,97030.64
1136,Employee 1136,employee1136@example.com,Finance,30376.75
1137,Employee 1137,employee1137@example.com,Marketing,35955.09
1138,Employee 1138,employee1138@example.com,IT,54508.1
1139,Employee 1139,employee1139@example.com,IT,51533.5
1140,Employee 1140,employee1140@example.com,HR,74538.12
1141,Employee 1141,employee1141@example.com,HR,85981.34
1142,Employee 1142,employee1142@example.com,Finance,73722.75
1143,Employee 1143,employee1143@example.com,HR,62513.23
1144,Employee 1144,employee1144@example.com,HR,53477.49
1145,Employee 1145,employee1145@example.com,IT,40023.07
1146,Employee 1146,employee1146@example.com,HR,59899.33
1147,Employee 1147,employee1147@example.com,IT,36449.01
1148,Employee 1148,employee1148@example.com,HR,51826.57
1149,Employee 1149,employee1149@example.com,HR,34026.69
1150,Employee 1150,employee1150@example.com,HR,47192.08
1151,Employee 1151,employee1151@example.com,Sales,42287.51
1152,Employee 1152,employee1152@example.com,Marketing,92915.04
1153,Employee 1153,employee1153@example.com,Marketing,99251.95
1154,Employee 1154,employee1154@example.com,Sales,87576.67
1155,Employee 1155,employee1155@example.com,Sales,74416.66
1156,Employee 1156,employee1156@example.com,Finance,68454.22
1157,Employee 1157,employee1157@example.com,Finance,66393.01
1158,Employee 1158,employee1158@example.com,IT,70553.83
1159,Employee 1159,employee1159@example.com,Finance,73309.86
1160,Employee 1160,employee1160@example.com,HR,38524.96
1161,Employee 1161,employee1161@example.com,Marketing,34521.41
1162,Employee 1162,employee1162@example.com,Finance,57269.28
1163,Employee 1163,employee1163@example.com,Marketing,70474.96
1164,Employee 1164,employee1164@example.com,Finance,73943.91
1165,Employee 1165,employee1165@example.com,Finance,70271.15
1166,Employee 1166,employee1166@example.com,IT,73722.75
1167,Employee 1167,employee1167@example.com,IT,81340.98
1168,Employee 1168,employee1168@example.com,Marketing,76605.49
1169,Employee 1169,employee1169@example.com,HR,42159.32
1170,Employee 1170,employee1170@example.com,HR,79381.67
1171,Employee 1171,employee1171@example.com,HR,94836.46
1172,Employee 1172,employee1172@example.com,IT,39137.94
1173,Employee 1173,employee1173@example.com,HR,46743.63
1174,Employee 1174,employee1174@example.com,Marketing,97016.57
1175,Employee 1175,employee1175@example.com,Sales,61052.16
1176,Employee 1176,employee1176@example.com,Sales,39962.09
1177,Employee 1177,employee1177@example.com,Finance,43812.59
1178,Employee 1178,employee1178@example.com,Finance,55753.83
1179,Employee 1179,employee1179@example.com,Sales,99901.36
1180,Employee 1180,employee1180@example.com,HR,36449.01
1181,Employee 1181,employee1181@example.com,Marketing,93326.23
1182,Employee 1182,employee1182@example.com,IT,59098.82
1183,Employee 1183,employee1183@example.com,HR,59740.14
1184,Employee 1184,employee1184@example.com,IT,61956.99
1185,Employee 1185,employee1185@example.com,HR,61228.72
1186,Employee 1186,employee1186@example.com,HR,38418.56
1187,Employee 1187,employee1187@example.com,Marketing,46226.76
1188,Employee 1188,employee1188@example.com,Marketing,54396.35
1189,Employee 1189,employee1189@example.com,Finance,38828.78
1190,Employee 1190,employee1190@example.com,Sales,79120.02
1191,Employee 1191,employee1191@example.com,Marketing,89566.33
1192,Employee 1192,employee1192@example.com,Marketing,74259.22
1193,Employee 1193,employee1193@example.com,HR,46843.19
1194,Employee 1194,employee1194@example.com,Finance,96969.41
1195,Employee 1195,employee1195@example.com,IT,33355.24
1196,Employee 1196,employee1196@example.com,IT,57970.97
1197,Employee 1197,employee1197@example.com,Sales,32259.43
1198,Employee 1198,employee1198@example.com,Finance,78675.51
1199,Employee 1199,employee1199@example.com,HR,72297.39
1200,Employee 1200,employee1200@example.com,Sales,57167.91
1201,Employee 1201,employee1201@example.com,Sales,33649.76
1202,Employee 1202,employee1202@example.com,IT,44281.82
1203,Employee 1203,employee1203@example.com,Finance,59098.82
1204,Employee 1204,employee1204@example.com,Finance,88372.5
1205,Employee 1205,employee1205@example.com,Marketing,56221.45
1206,Employee 1206,employee1206@example.com,Finance,63422.12
1207,Employee 1207,employee1207@example.com,HR,35189.96
1208,Employee 1208,employee1208@example.com,IT,33705.18
1209,Employee 1209,employee1209@example.com,IT,55874.2
1210,Employee 1210,employee1210@example.com,Finance,71228.42
1211,Employee 1211,employee1211@example.com,IT,35751.77
1212,Employee 1212,employee1212@example.com,Finance,77910.25
1213,Employee 1213,employee1213@example.com,Marketing,63793.4
1214,Employee 1214,employee1214@example.com,HR,58013.86
1215,Employee 1215,employee1215@example.com,Finance,89440.29
1216,Employee 1216,employee1216@example.com,Finance,43182.87
1217,Employee 1217,employee1217@example.com,HR,97649.43
1218,Employee 1218,employee1218@example.com,HR,98628.81
1219,Employee 1219,employee1219@example.com,Finance,79587.61
1220,Employee 1220,employee1220@example.com,Marketing,43982.67
1221,Employee 1221,employee1221@example.com,Marketing,45906.93
1222,Employee 1222,employee1222@example.com,HR,56326.84
1223,Employee 1223,employee1223@example.com,Finance,68097.54
1224,Employee 1224,employee1224@example.com,Finance,61866.8
1225,Employee 1225,employee1225@example.com,Finance,30120.05
1226,Employee 1226,employee1226@example.com,HR,75395.52
1227,Employee 1227,employee1227@example.com,Sales,65503.48
1228,Employee 1228,employee1228@example.com,HR,31347.03
1229,Employee 1229,employee1229@example.com,Marketing,61228.72
1230,Employee 1230,employee1230@example.com,Finance,31265.88
1231,Employee 1231,employee1231@example.com,Marketing,63546.47
1232,Employee 1232,employee1232@example.com,Finance,80083.78
1233,Employee 1233,employee1233@example.com,Finance,42251.91
1234,Employee 1234,employee1234@example.com,Sales,89566.33
1235,Employee 1235,employee1235@example.com,HR,84120.14
1236,Employee 1236,employee1236@example.com,IT,66918.18
1237,Employee 1237,employee1237@example.com,HR,79332.18
1238,Employee 1238,employee1238@example.com,Marketing,48864.59
1239,Employee 1239,employee1239@example.com,HR,47541.62
1240,Employee 1240,employee1240@example.com,IT,75722.38
1241,Employee 1241,employee1241@example.com,Marketing,77639.27
1242,Employee 1242,employee1242@example.com,Marketing,68035.39
1243,Employee 1243,employee1243@example.com,Marketing,40157.81
1244,Employee 1244,employee1244@example.com,Marketing,53783.07
1245,Employee 1245,employee1245@example.com,Finance,54175.1
1246,Employee 1246,employee1246@example.com,HR,95340.25
1247,Employee 1247,employee1247@example.com,IT,40865.98
1248,Employee 1248,employee1248@example.com,IT,98577.25
1249,Employee 1249,employee1249@example.com,HR,78832.27
1250,Employee 1250,employee1250@example.com,IT,99220.94
1251,Employee 1251,employee1251@example.com,Marketing,80376.78
1252,Employee 1252,employee1252@example.com,HR,57476.75
1253,Employee 1253,employee1253@example.com,Finance,63055.52
1254,Employee 1254,employee1254@example.com,HR,82700.45
1255,Employee 1255,employee1255@example.com,Sales,68969.4
1256,Employee 1256,employee1256@example.com,Sales,35975.61
1257,Employee 1257,employee1257@example.com,Marketing,64471.68
1258,Employee 1258,employee1258@example.com,Marketing,31806.67
1259,Employee 1259,employee1259@example.com,Sales,73237.84
1260,Employee 1260,employee1260@example.com,Marketing,75346.26
1261,Employee 1261,employee1261@example.com,IT,85036.38
1262,Employee 1262,employee1262@example.com,Marketing,95667.35
1263,Employee 1263,employee1263@example.com,Finance,47429.24
1264,Employee 1264,employee1264@example.com,IT,37132.3
1265,Employee 1265,employee1265@example.com,Finance,87146.34
1266,Employee 1266,employee1266@example.com,IT,59740.14
1267,Employee 1267,employee1267@example.com,IT,86457.56
1268,Employee 1268,employee1268@example.com,Marketing,83738.3
1269,Employee 1269,employee1269@example.com,IT,57842.6
1270,Employee 1270,employee1270@example.com,Marketing,39760.77
1271,Employee 1271,employee1271@example.com,Finance,58761.12
1272,Employee 1272,employee1272@example.com,Sales,64190.92
1273,Employee 1273,employee1273@example.com,Sales,71542.34
1274,Employee 1274,employee1274@example.com,Finance,73647.89
1275,Employee 1275,employee1275@example.com,HR,35559.88
1276,Employee 1276,employee1276@example.com,Sales,90316.88
1277,Employee 1277,employee1277@example.com,Sales,35246.7
1278,Employee 1278,employee1278@example.com,Finance,94367.33
1279,Employee 1279,employee1279@example.com,Marketing,66199.22
1280,Employee 1280,employee1280@example.com,Marketing,66918.18
1281,Employee 1281,employee1281@example.com,Sales,35062.43
1282,Employee 1282,employee1282@example.com,Finance,48320.09
1283,Employee 1283,employee1283@example.com,IT,64128.2
1284,Employee 1284,employee1284@example.com,Finance,95994.16
1285,Employee 1285,employee1285@example.com,HR,97649.43
1286,Employee 1286,employee1286@example.com,Marketing,71228.42
1287,Employee 1287,employee1287@example.com,HR,56221.45
1288,Employee 1288,employee1288@example.com,Marketing,76482.21
1289,Employee 1289,employee1289@example.com,IT,65025.96
1290,Employee 1290,employee1290@example.com,Sales,59477.54
1291,Employee 1291,employee1291@example.com,Finance,39291.19
1292,Employee 1292,employee1292@example.com,Finance,61956.99
1293,Employee 1293,employee1293@example.com,HR,71078.05
1294,Employee 1294,employee1294@example.com,Sales,31641.08
1295,Employee 1295,employee1295@example.com,IT,30099.22
1296,Employee 1296,employee1296@example.com,Sales,34187.99
1297,Employee 1297,employee1297@example.com,Sales,83768.93
1298,Employee 1298,employee1298@example.com,Sales,54508.1
1299,Employee 1299,employee1299@example.com,Finance,71542.34
1300,Employee 1300,employee1300@example.com,Finance,30933.26
1301,Employee 1301,employee1301@example.com,Finance,53703.97
1302,Employee 1302,employee1302@example.com,Marketing,44086.78
1303,Employee 1303,employee1303@example.com,HR,70573.19
1304,Employee 1304,employee1304@example.com,Finance,46033.61
1305,Employee 1305,employee1305@example.com,Sales,43987.19
1306,Employee 1306,employee1306@example.com,Marketing,46200.63
1307,Employee 1307,employee1307@example.com,Sales,89605.19
1308,Employee 1308,employee1308@example.com,Marketing,98838.25
1309,Employee 1309,employee1309@example.com,IT,97343.49
1310,Employee 1310,employee1310@example.com,Finance,35072.63
1311,Employee 1311,employee1311@example.com,Finance,76239.42
1312,Employee 1312,employee1312@example.com,Marketing,95540.47
1313,Employee 1313,employee1313@example.com,Sales,81775.03
1314,Employee 1314,employee1314@example.com,IT,57798.67
1315,Employee 1315,employee1315@example.com,Sales,52533.21
1316,Employee 1316,employee1316@example.com,Marketing,60283.61
1317,Employee 1317,employee1317@example.com,Marketing,99251.95
1318,Employee 1318,employee1318@example.com,Sales,51826.57
1319,Employee 1319,employee1319@example.com,HR,98105.94
1320,Employee 1320,employee1320@example.com,IT,60208.5
1321,Employee 1321,employee1321@example.com,IT,71076.79
1322,Employee 1322,employee1322@example.com,IT,68216.07
1323,Employee 1323,employee1323@example.com,Marketing,86557.95
1324,Employee 1324,employee1324@example.com,Finance,86843.31
1325,Employee 1325,employee1325@example.com,HR,73611.34
1326,Employee 1326,employee1326@example.com,Finance,42790.17
1327,Employee 1327,employee1327@example.com,Marketing,71957.19
1328,Employee 1328,employee1328@example.com,IT,43858.94
1329,Employee 1329,employee1329@example.com,HR,87334.52
1330,Employee 1330,employee1330@example.com,IT,56016.24
1331,Employee 1331,employee1331@example.com,Finance,57117.99
1332,Employee 1332,employee1332@example.com,Marketing,91627.38
1333,Employee 1333,employee1333@example.com,Finance,88146.35
1334,Employee 1334,employee1334@example.com,HR,44773.36
1335,Employee 1335,employee1335@example.com,IT,81749.32
1336,Employee 1336,employee1336@example.com,HR,82777.35
1337,Employee 1337,employee1337@example.com,HR,72983.83
1338,Employee 1338,employee1338@example.com,HR,36953.12
1339,Employee 1339,employee1339@example.com,Marketing,74477.39
1340,Employee 1340,employee1340@example.com,HR,74701.73
1341,Employee 1341,employee1341@example.com,IT,72039.8
1342,Employee 1342,employee1342@example.com,Marketing,78208.9
1343,Employee 1343,employee1343@example.com,HR,76735.58
1344,Employee 1344,employee1344@example.com,HR,37312.43
1345,Employee 1345,employee1345@example.com,IT,56370.97
1346,Employee 1346,employee1346@example.com,IT,63546.47
1347,Employee 1347,employee1347@example.com,Marketing,63915.76
1348,Employee 1348,employee1348@example.com,Finance,75054.7
1349,Employee 1349,employee1349@example.com,IT,43409.85
1350,Employee 1350,employee1350@example.com,IT,50290.54
1351,Employee 1351,employee1351@example.com,IT,63307.42
1352,Employee 1352,employee1352@example.com,Finance,63072.47
1353,Employee 1353,employee1353@example.com,HR,55878.02
1354,Employee 1354,employee1354@example.com,IT,87635.21
1355,Employee 1355,employee1355@example.com,Sales,97030.64
1356,Employee 1356,employee1356@example.com,Finance,30376.75
1357,Employee 1357,employee1357@example.com,Marketing,54826.19
1358,Employee 1358,employee1358@example.com,Sales,68502.3
1359,Employee 1359,employee1359@example.com,HR,77628.12
1360,Employee 1360,employee1360@example.com,IT,58761.12
1361,Employee 1361,employee1361@example.com,HR,30944.46
1362,Employee 1362,employee1362@example.com,Sales,95080.36
1363,Employee 1363,employee1363@example.com,Sales,62513.23
1364,Employee 1364,employee1364@example.com,Finance,61454.83
1365,Employee 1365,employee1365@example.com,Finance,47464.56
1366,Employee 1366,employee1366@example.com,IT,99234.55
1367,Employee 1367,employee1367@example.com,Marketing,73668.65
1368,Employee 1368,employee1368@example.com,Marketing,47885.45
1369,Employee 1369,employee1369@example.com,Sales,77036.47
1370,Employee 1370,employee1370@example.com,IT,97016.57
1371,Employee 1371,employee1371@example.com,IT,75182.04
1372,Employee 1372,employee1372@example.com,HR,38137.77
1373,Employee 1373,employee1373@example.com,Finance,69901.83
1374,Employee 1374,employee1374@example.com,Sales,30901.06
1375,Employee 1375,employee1375@example.com,Sales,58712.02
1376,Employee 1376,employee1376@example.com,Finance,69288.4
1377,Employee 1377,employee1377@example.com,Sales,99700.38
1378,Employee 1378,employee1378@example.com,Finance,37312.43
1379,Employee 1379,employee1379@example.com,IT,30376.75
1380,Employee 1380,employee1380@example.com,Finance,74623.81
1381,Employee 1381,employee1381@example.com,Finance,60722.04
1382,Employee 1382,employee1382@example.com,IT,55634.95
1383,Employee 1383,employee1383@example.com,IT,38904.68
1384,Employee 1384,employee1384@example.com,Marketing,49916.55
1385,Employee 1385,employee1385@example.com,HR,45421.39
1386,Employee 1386,employee1386@example.com,Finance,36372.88
1387,Employee 1387,employee1387@example.com,Finance,73309.86
1388,Employee 1388,employee1388@example.com,IT,77867.65
1389,Employee 1389,employee1389@example.com,Marketing,80002.91
1390,Employee 1390,employee1390@example.com,Marketing,85326.92
1391,Employee 1391,employee1391@example.com,HR,85761.88
1392,Employee 1392,employee1392@example.com,HR,55650.08
1393,Employee 1393,employee1393@example.com,IT,75395.52
1394,Employee 1394,employee1394@example.com,Sales,90073.46
1395,Employee 1395,employee1395@example.com,Marketing,85654.76
1396,Employee 1396,employee1396@example.com,IT,77510.62
1397,Employee 1397,employee1397@example.com,HR,47885.45
1398,Employee 1398,employee1398@example.com,Marketing,96131.87
1399,Employee 1399,employee1399@example.com,HR,48382.96
1400,Employee 1400,employee1400@example.com,Marketing,91451.23
1401,Employee 1401,employee1401@example.com,Finance,79097.85
1402,Employee 1402,employee1402@example.com,Marketing,55878.02
1403,Employee 1403,employee1403@example.com,Finance,31007.08
1404,Employee 1404,employee1404@example.com,Finance,74567.81
1405,Employee 1405,employee1405@example.com,Finance,74416.66
1406,Employee 1406,employee1406@example.com,IT,67349.96
1407,Employee 1407,employee1407@example.com,Sales,31994.13
1408,Employee 1408,employee1408@example.com,HR,75221.67
1409,Employee 1409,employee1409@example.com,Marketing,87897.1
1410,Employee 1410,employee1410@example.com,Marketing,79587.61
1411,Employee 1411,employee1411@example.com,HR,38418.56
1412,Employee 1412,employee1412@example.com,IT,37494.31
1413,Employee 1413,employee1413@example.com,Finance,57269.28
1414,Employee 1414,employee1414@example.com,IT,87191.85
1415,Employee 1415,employee1415@example.com,Finance,42388.84
1416,Employee 1416,employee1416@example.com,HR,45383.75
1417,Employee 1417,employee1417@example.com,Marketing,65025.96
1418,Employee 1418,employee1418@example.com,Sales,57269.28
1419,Employee 1419,employee1419@example.com,HR,96444.33
1420,Employee 1420,employee1420@example.com,HR,81184.33
1421,Employee 1421,employee1421@example.com,Finance,63599.58
1422,Employee 1422,employee1422@example.com,HR,60153.52
1423,Employee 1423,employee1423@example.com,Marketing,30805.71
1424,Employee 1424,employee1424@example.com,Sales,35866.86
1425,Employee 1425,employee1425@example.com,Sales,55878.02
1426,Employee 1426,employee1426@example.com,Finance,81923.64
1427,Employee 1427,employee1427@example.com,HR,71881.79
1428,Employee 1428,employee1428@example.com,Sales,46226.76
1429,Employee 1429,employee1429@example.com,Sales,94762.53
1430,Employee 1430,employee1430@example.com,HR,45484.71
1431,Employee 1431,employee1431@example.com,HR,39171.7
1432,Employee 1432,employee1432@example.com,HR,53888.75
1433,Employee 1433,employee1433@example.com,Sales,32750.61
1434,Employee 1434,employee1434@example.com,Sales,97720.15
1435,Employee 1435,employee1435@example.com,HR,69288.4
1436,Employee 1436,employee1436@example.com,Marketing,31397.38
1437,Employee 1437,employee1437@example.com,HR,69137.72
1438,Employee 1438,employee1438@example.com,Finance,86272.5
1439,Employee 1439,employee1439@example.com,Finance,83436.23
1440,Employee 1440,employee1440@example.com,Finance,74701.81
1441,Employee 1441,employee1441@example.com,Marketing,41317.97
1442,Employee 1442,employee1442@example.com,IT,93125.47
1443,Employee 1443,employee1443@example.com,HR,51687.04
1444,Employee 1444,employee1444@example.com,HR,30170.1
1445,Employee 1445,employee1445@example.com,Sales,30239.2
1446,Employee 1446,employee1446@example.com,Finance,80221.0
1447,Employee 1447,employee1447@example.com,IT,71078.05
1448,Employee 1448,employee1448@example.com,Finance,74974.79
1449,Employee 1449,employee1449@example.com,Finance,54175.1
1450,Employee 1450,employee1450@example.com,Finance,51826.57
1451,Employee 1451,employee1451@example.com,IT,65712.87
1452,Employee 1452,employee1452@example.com,HR,31347.03
1453,Employee 1453,employee1453@example.com,IT,80598.33
1454,Employee 1454,employee1454@example.com,Finance,96053.59
1455,Employee 1455,employee1455@example.com,Finance,47935.65
1456,Employee 1456,employee1456@example.com,IT,46226.76
1457,Employee 1457,employee1457@example.com,IT,82421.3
1458,Employee 1458,employee1458@example.com,IT,37532.02
1459,Employee 1459,employee1459@example.com,Marketing,63002.89
1460,Employee 1460,employee1460@example.com,Sales,72523.35
1461,Employee 1461,employee1461@example.com,Finance,45906.93
1462,Employee 1462,employee1462@example.com,IT,45382.65
1463,Employee 1463,employee1463@example.com,Finance,93483.22
1464,Employee 1464,employee1464@example.com,Sales,37668.89
1465,Employee 1465,employee1465@example.com,IT,51393.55
1466,Employee 1466,employee1466@example.com,Sales,38162.64
1467,Employee 1467,employee1467@example.com,IT,86188.97
1468,Employee 1468,employee1468@example.com,HR,68430.29
1469,Employee 1469,employee1469@example.com,IT,51426.36
1470,Employee 1470,employee1470@example.com,HR,53959.7
1471,Employee 1471,employee1471@example.com,HR,67746.96
1472,Employee 1472,employee1472@example.com,HR,59899.33
1473,Employee 1473,employee1473@example.com,Finance,84772.57
1474,Employee 1474,employee1474@example.com,Finance,80083.78
1475,Employee 1475,employee1475@example.com,Marketing,76970.51
1476,Employee 1476,employee1476@example.com,Marketing,50954.19
1477,Employee 1477,employee1477@example.com,Marketing,56366.72
1478,Employee 1478,employee1478@example.com,HR,79803.7
1479,Employee 1479,employee1479@example.com,Finance,64551.06
1480,Employee 1480,employee1480@example.com,Finance,57146.35
1481,Employee 1481,employee1481@example.com,Sales,77865.96
1482,Employee 1482,employee1482@example.com,Sales,63546.47
1483,Employee 1483,employee1483@example.com,Sales,80579.61
1484,Employee 1484,employee1484@example.com,Sales,67441.3
1485,Employee 1485,employee1485@example.com,Sales,34239.65
1486,Employee 1486,employee1486@example.com,HR,39715.9
1487,Employee 1487,employee1487@example.com,Finance,53783.07
1488,Employee 1488,employee1488@example.com,Marketing,83319.75
1489,Employee 1489,employee1489@example.com,Finance,71542.34
1490,Employee 1490,employee1490@example.com,IT,53888.75
1491,Employee 1491,employee1491@example.com,IT,61454.83
1492,Employee 1492,employee1492@example.com,Finance,93125.47
1493,Employee 1493,employee1493@example.com,Finance,72691.33
1494,Employee 1494,employee1494@example.com,Finance,58751.96
1495,Employee 1495,employee1495@example.com,HR,69255.8
1496,Employee 1496,employee1496@example.com,Marketing,62728.66
1497,Employee 1497,employee1497@example.com,IT,66538.18
1498,Employee 1498,employee1498@example.com,Finance,57146.35
1499,Employee 1499,employee1499@example.com,Marketing,98062.03
1500,Employee 1500,employee1500@example.com,HR,30901.06
1501,Employee 1501,employee1501@example.com,Sales,76970.51
1502,Employee 1502,employee1502@example.com,Sales,61734.95
1503,Employee 1503,employee1503@example.com,Sales,73245.12
1504,Employee 1504,employee1504@example.com,Marketing,70187.73
1505,Employee 1505,employee1505@example.com,Sales,86062.0
1506,Employee 1506,employee1506@example.com,Marketing,64551.06
1507,Employee 1507,employee1507@example.com,HR,99531.13
1508,Employee 1508,employee1508@example.com,Finance,56366.72
1509,Employee 1509,employee1509@example.com,Marketing,38828.78
1510,Employee 1510,employee1510@example.com,IT,59216.88
1511,Employee 1511,employee1511@example.com,Marketing,46200.63
1512,Employee 1512,employee1512@example.com,HR,91960.41
1513,Employee 1513,employee1513@example.com,Marketing,85654.76
1514,Employee 1514,employee1514@example.com,Finance,55777.16
1515,Employee 1515,employee1515@example.com,HR,80376.78
1516,Employee 1516,employee1516@example.com,Finance,98983.42
1517,Employee 1517,employee1517@example.com,Sales,75346.26
1518,Employee 1518,employee1518@example.com,Marketing,40358.3
1519,Employee 1519,employee1519@example.com,Finance,77867.65
1520,Employee 1520,employee1520@example.com,HR,53748.03
1521,Employee 1521,employee1521@example.com,Sales,75270.41
1522,Employee 1522,employee1522@example.com,Sales,73467.64
1523,Employee 1523,employee1523@example.com,HR,88548.99
1524,Employee 1524,employee1524@example.com,Marketing,76735.58
1525,Employee 1525,employee1525@example.com,Marketing,77910.25
1526,Employee 1526,employee1526@example.com,IT,75717.85
1527,Employee 1527,employee1527@example.com,IT,39760.77
1528,Employee 1528,employee1528@example.com,Sales,85253.38
1529,Employee 1529,employee1529@example.com,IT,39675.58
1530,Employee 1530,employee1530@example.com,Marketing,73722.75
1531,Employee 1531,employee1531@example.com,Finance,55465.91
1532,Employee 1532,employee1532@example.com,Finance,42251.91
1533,Employee 1533,employee1533@example.com,IT,30367.0
1534,Employee 1534,employee1534@example.com,Sales,92368.34
1535,Employee 1535,employee1535@example.com,Marketing,56307.16
1536,Employee 1536,employee1536@example.com,Finance,36316.48
1537,Employee 1537,employee1537@example.com,IT,40865.98
1538,Employee 1538,employee1538@example.com,IT,66293.56
1539,Employee 1539,employee1539@example.com,Marketing,63538.68
1540,Employee 1540,employee1540@example.com,HR,59605.04
1541,Employee 1541,employee1541@example.com,IT,62537.45
1542,Employee 1542,employee1542@example.com,Finance,46955.07
1543,Employee 1543,employee1543@example.com,Finance,61694.16
1544,Employee 1544,employee1544@example.com,IT,94836.46
1545,Employee 1545,employee1545@example.com,Sales,97343.49
1546,Employee 1546,employee1546@example.com,HR,80376.78
1547,Employee 1547,employee1547@example.com,Marketing,38904.68
1548,Employee 1548,employee1548@example.com,IT,36316.48
1549,Employee 1549,employee1549@example.com,Marketing,97343.49
1550,Employee 1550,employee1550@example.com,HR,84327.04
1551,Employee 1551,employee1551@example.com,Finance,42287.51
1552,Employee 1552,employee1552@example.com,Finance,91960.41
1553,Employee 1553,employee1553@example.com,Marketing,65118.84
1554,Employee 1554,employee1554@example.com,Finance,35202.5
1555,Employee 1555,employee1555@example.com,Marketing,70227.55
1556,Employee 1556,employee1556@example.com,IT,50621.15
1557,Employee 1557,employee1557@example.com,Marketing,79055.86
1558,Employee 1558,employee1558@example.com,Finance,64190.92
1559,Employee 1559,employee1559@example.com,IT,78208.9
1560,Employee 1560,employee1560@example.com,IT,53197.12
1561,Employee 1561,employee1561@example.com,IT,83738.3
1562,Employee 1562,employee1562@example.com,Marketing,70187.73
1563,Employee 1563,employee1563@example.com,Finance,39715.9
1564,Employee 1564,employee1564@example.com,HR,73611.34
1565,Employee 1565,employee1565@example.com,Finance,48864.59
1566,Employee 1566,employee1566@example.com,Sales,81500.99
1567,Employee 1567,employee1567@example.com,IT,56326.84
1568,Employee 1568,employee1568@example.com,IT,51826.57
1569,Employee 1569,employee1569@example.com,Sales,67727.0
1570,Employee 1570,employee1570@example.com,Marketing,71076.79
1571,Employee 1571,employee1571@example.com,Sales,32911.39
1572,Employee 1572,employee1572@example.com,HR,90240.54
1573,Employee 1573,employee1573@example.com,IT,65712.87
1574,Employee 1574,employee1574@example.com,HR,64122.53
1575,Employee 1575,employee1575@example.com,Marketing,37052.06
1576,Employee 1576,employee1576@example.com,Marketing,50290.54
1577,Employee 1577,employee1577@example.com,Sales,30376.75
1578,Employee 1578,employee1578@example.com,Sales,47147.93
1579,Employee 1579,employee1579@example.com,Sales,47935.65
1580,Employee 1580,employee1580@example.com,HR,35975.61
1581,Employee 1581,employee1581@example.com,HR,47467.07
1582,Employee 1582,employee1582@example.com,Sales,58126.21
1583,Employee 1583,employee1583@example.com,IT,41271.54
1584,Employee 1584,employee1584@example.com,Marketing,31304.43
1585,Employee 1585,employee1585@example.com,IT,59098.82
1586,Employee 1586,employee1586@example.com,Finance,56685.21
1587,Employee 1587,employee1587@example.com,Marketing,51761.81
1588,Employee 1588,employee1588@example.com,IT,56066.37
1589,Employee 1589,employee1589@example.com,IT,60996.68
1590,Employee 1590,employee1590@example.com,IT,59098.82
1591,Employee 1591,employee1591@example.com,Finance,59900.96
1592,Employee 1592,employee1592@example.com,IT,95362.82
1593,Employee 1593,employee1593@example.com,Marketing,66188.15
1594,Employee 1594,employee1594@example.com,HR,86673.02
1595,Employee 1595,employee1595@example.com,IT,58054.24
1596,Employee 1596,employee1596@example.com,HR,58169.63
1597,Employee 1597,employee1597@example.com,Sales,94697.63
1598,Employee 1598,employee1598@example.com,HR,97343.49
1599,Employee 1599,employee1599@example.com,IT,40410.7
1600,Employee 1600,employee1600@example.com,Finance,84765.03
1601,Employee 1601,employee1601@example.com,Marketing,58724.81
1602,Employee 1602,employee1602@example.com,Marketing,53776.38
1603,Employee 1603,employee1603@example.com,IT,91019.44
1604,Employee 1604,employee1604@example.com,Marketing,62304.88
1605,Employee 1605,employee1605@example.com,IT,50290.54
1606,Employee 1606,employee1606@example.com,IT,52722.45
1607,Employee 1607,employee1607@example.com,HR,51426.36
1608,Employee 1608,employee1608@example.com,Sales,53959.7
1609,Employee 1609,employee1609@example.com,Finance,47352.48
1610,Employee 1610,employee1610@example.com,Sales,83319.75
1611,Employee 1611,employee1611@example.com,HR,68592.77
1612,Employee 1612,employee1612@example.com,Sales,57697.42
1613,Employee 1613,employee1613@example.com,IT,71717.18
1614,Employee 1614,employee1614@example.com,Sales,35189.96
1615,Employee 1615,employee1615@example.com,Sales,61694.16
1616,Employee 1616,employee1616@example.com,Marketing,77648.06
1617,Employee 1617,employee1617@example.com,Finance,78013.37
1618,Employee 1618,employee1618@example.com,HR,73237.84
1619,Employee 1619,employee1619@example.com,Marketing,59605.04
1620,Employee 1620,employee1620@example.com,IT,31953.87
1621,Employee 1621,employee1621@example.com,Sales,50290.54
1622,Employee 1622,employee1622@example.com,Sales,94630.35
1623,Employee 1623,employee1623@example.com,Marketing,78675.51
1624,Employee 1624,employee1624@example.com,Finance,64826.83
1625,Employee 1625,employee1625@example.com,HR,92368.34
1626,Employee 1626,employee1626@example.com,HR,52533.21
1627,Employee 1627,employee1627@example.com,Sales,65631.05
1628,Employee 1628,employee1628@example.com,Marketing,50823.55
1629,Employee 1629,employee1629@example.com,Finance,63534.99
1630,Employee 1630,employee1630@example.com,Sales,88519.7
1631,Employee 1631,employee1631@example.com,HR,98097.95
1632,Employee 1632,employee1632@example.com,Marketing,43265.55
1633,Employee 1633,employee1633@example.com,Sales,36190.06
1634,Employee 1634,employee1634@example.com,IT,90958.94
1635,Employee 1635,employee1635@example.com,Marketing,97073.46
1636,Employee 1636,employee1636@example.com,Finance,42790.17
1637,Employee 1637,employee1637@example.com,IT,86013.58
1638,Employee 1638,employee1638@example.com,Sales,79055.86
1639,Employee 1639,employee1639@example.com,Sales,95340.25
1640,Employee 1640,employee1640@example.com,IT,48320.09
1641,Employee 1641,employee1641@example.com,Finance,67422.13
1642,Employee 1642,employee1642@example.com,Marketing,99531.13
1643,Employee 1643,employee1643@example.com,Marketing,68592.77
1644,Employee 1644,employee1644@example.com,Finance,69118.31
1645,Employee 1645,employee1645@example.com,Sales,31641.08
1646,Employee 1646,employee1646@example.com,HR,62513.23
1647,Employee 1647,employee1647@example.com,Marketing,55806.43
1648,Employee 1648,employee1648@example.com,Finance,80376.78
1649,Employee 1649,employee1649@example.com,Marketing,79441.77
1650,Employee 1650,employee1650@example.com,Sales,30933.26
1651,Employee 1651,employee1651@example.com,Marketing,49304.24
1652,Employee 1652,employee1652@example.com,Finance,48450.02
1653,Employee 1653,employee1653@example.com,HR,69255.8
1654,Employee 1654,employee1654@example.com,IT,41916.11
1655,Employee 1655,employee1655@example.com,IT,72691.33
1656,Employee 1656,employee1656@example.com,Finance,97850.47
1657,Employee 1657,employee1657@example.com,IT,51826.57
1658,Employee 1658,employee1658@example.com,Finance,34675.63
1659,Employee 1659,employee1659@example.com,Marketing,62300.98
1660,Employee 1660,employee1660@example.com,Sales,97016.57
1661,Employee 1661,employee1661@example.com,Marketing,87146.34
1662,Employee 1662,employee1662@example.com,IT,73668.65
1663,Employee 1663,employee1663@example.com,Finance,85253.38
1664,Employee 1664,employee1664@example.com,Sales,70474.96
1665,Employee 1665,employee1665@example.com,Marketing,67095.25
1666,Employee 1666,employee1666@example.com,IT,72240.8
1667,Employee 1667,employee1667@example.com,HR,58883.39
1668,Employee 1668,employee1668@example.com,Marketing,81184.33
1669,Employee 1669,employee1669@example.com,Finance,35072.63
1670,Employee 1670,employee1670@example.com,IT,99150.06
1671,Employee 1671,employee1671@example.com,Sales,53924.88
1672,Employee 1672,employee1672@example.com,Marketing,75717.85
1673,Employee 1673,employee1673@example.com,IT,99110.01
1674,Employee 1674,employee1674@example.com,IT,77152.83
1675,Employee 1675,employee1675@example.com,HR,76659.43
1676,Employee 1676,employee1676@example.com,Finance,57970.97
1677,Employee 1677,employee1677@example.com,Finance,93926.76
1678,Employee 1678,employee1678@example.com,HR,84959.88
1679,Employee 1679,employee1679@example.com,Sales,36220.02
1680,Employee 1680,employee1680@example.com,Finance,71676.27
1681,Employee 1681,employee1681@example.com,IT,85761.88
1682,Employee 1682,employee1682@example.com,Marketing,79587.61
1683,Employee 1683,employee1683@example.com,Marketing,33553.51
1684,Employee 1684,employee1684@example.com,Sales,99901.36
1685,Employee 1685,employee1685@example.com,HR,91532.7
1686,Employee 1686,employee1686@example.com,Marketing,79387.14
1687,Employee 1687,employee1687@example.com,HR,99234.05
1688,Employee 1688,employee1688@example.com,Finance,93926.76
1689,Employee 1689,employee1689@example.com,Sales,63072.47
1690,Employee 1690,employee1690@example.com,IT,73943.91
1691,Employee 1691,employee1691@example.com,Marketing,72983.83
1692,Employee 1692,employee1692@example.com,Finance,55936.64
1693,Employee 1693,employee1693@example.com,Marketing,59833.88
1694,Employee 1694,employee1694@example.com,HR,31347.03
1695,Employee 1695,employee1695@example.com,IT,51426.36
1696,Employee 1696,employee1696@example.com,Finance,90623.74
1697,Employee 1697,employee1697@example.com,Finance,74305.31
1698,Employee 1698,employee1698@example.com,Sales,62334.7
1699,Employee 1699,employee1699@example.com,HR,93483.22
1700,Employee 1700,employee1700@example.com,HR,66427.36
1701,Employee 1701,employee1701@example.com,IT,77867.65
1702,Employee 1702,employee1702@example.com,Finance,36301.54
1703,Employee 1703,employee1703@example.com,IT,74343.66
1704,Employee 1704,employee1704@example.com,Sales,65001.15
1705,Employee 1705,employee1705@example.com,Marketing,65271.31
1706,Employee 1706,employee1706@example.com,Finance,50621.15
1707,Employee 1707,employee1707@example.com,HR,53888.75
1708,Employee 1708,employee1708@example.com,HR,55753.83
1709,Employee 1709,employee1709@example.com,IT,69288.4
1710,Employee 1710,employee1710@example.com,Sales,69311.38
1711,Employee 1711,employee1711@example.com,IT,35559.88
1712,Employee 1712,employee1712@example.com,Finance,66067.07
1713,Employee 1713,employee1713@example.com,Marketing,80083.78
1714,Employee 1714,employee1714@example.com,Sales,61832.26
1715,Employee 1715,employee1715@example.com,IT,41271.54
1716,Employee 1716,employee1716@example.com,Finance,56016.24
1717,Employee 1717,employee1717@example.com,Finance,57531.84
1718,Employee 1718,employee1718@example.com,Marketing,87988.01
1719,Employee 1719,employee1719@example.com,Finance,79055.86
1720,Employee 1720,employee1720@example.com,Sales,55777.16
1721,Employee 1721,employee1721@example.com,IT,89274.47
1722,Employee 1722,employee1722@example.com,HR,38434.4
1723,Employee 1723,employee1723@example.com,IT,62537.45
1724,Employee 1724,employee1724@example.com,Marketing,45046.89
1725,Employee 1725,employee1725@example.com,Finance,76632.43
1726,Employee 1726,employee1726@example.com,HR,66538.18
1727,Employee 1727,employee1727@example.com,Sales,78203.88
1728,Employee 1728,employee1728@example.com,IT,43182.87
1729,Employee 1729,employee1729@example.com,Marketing,36449.01
1730,Employee 1730,employee1730@example.com,Marketing,40865.98
1731,Employee 1731,employee1731@example.com,Marketing,57146.35
1732,Employee 1732,employee1732@example.com,Marketing,38337.73
1733,Employee 1733,employee1733@example.com,HR,45421.39
1734,Employee 1734,employee1734@example.com,Marketing,87635.21
1735,Employee 1735,employee1735@example.com,Finance,99150.06
1736,Employee 1736,employee1736@example.com,Sales,71078.05
1737,Employee 1737,employee1737@example.com,Sales,81001.46
1738,Employee 1738,employee1738@example.com,Sales,30120.05
1739,Employee 1739,employee1739@example.com,Marketing,50823.55
1740,Employee 1740,employee1740@example.com,Sales,51674.84
1741,Employee 1741,employee1741@example.com,Finance,70271.15
1742,Employee 1742,employee1742@example.com,HR,68548.33
1743,Employee 1743,employee1743@example.com,Finance,82538.53
1744,Employee 1744,employee1744@example.com,Finance,35072.63
1745,Employee 1745,employee1745@example.com,Sales,39832.42
1746,Employee 1746,employee1746@example.com,Marketing,33756.72
1747,Employee 1747,employee1747@example.com,Marketing,51358.64
1748,Employee 1748,employee1748@example.com,Sales,77510.62
1749,Employee 1749,employee1749@example.com,Marketing,50290.54
1750,Employee 1750,employee1750@example.com,Finance,55806.43
1751,Employee 1751,employee1751@example.com,Sales,85705.87
1752,Employee 1752,employee1752@example.com,Sales,96828.91
1753,Employee 1753,employee1753@example.com,Finance,65271.31
1754,Employee 1754,employee1754@example.com,HR,75797.83
1755,Employee 1755,employee1755@example.com,Marketing,49916.55
1756,Employee 1756,employee1756@example.com,HR,73442.1
1757,Employee 1757,employee1757@example.com,Marketing,83483.82
1758,Employee 1758,employee1758@example.com,Sales,34110.41
1759,Employee 1759,employee1759@example.com,Finance,91781.91
1760,Employee 1760,employee1760@example.com,Finance,40559.01
1761,Employee 1761,employee1761@example.com,Finance,76632.43
1762,Employee 1762,employee1762@example.com,Finance,79055.86
1763,Employee 1763,employee1763@example.com,HR,55308.14
1764,Employee 1764,employee1764@example.com,Sales,87832.66
1765,Employee 1765,employee1765@example.com,Finance,40799.74
1766,Employee 1766,employee1766@example.com,Sales,47013.77
1767,Employee 1767,employee1767@example.com,Sales,73668.65
1768,Employee 1768,employee1768@example.com,IT,49943.5
1769,Employee 1769,employee1769@example.com,IT,31641.08
1770,Employee 1770,employee1770@example.com,Sales,38329.16
1771,Employee 1771,employee1771@example.com,Finance,68035.39
1772,Employee 1772,employee1772@example.com,IT,91451.23
1773,Employee 1773,employee1773@example.com,HR,43692.35
1774,Employee 1774,employee1774@example.com,Finance,65631.05
1775,Employee 1775,employee1775@example.com,Sales,80579.61
1776,Employee 1776,employee1776@example.com,Marketing,80550.31
1777,Employee 1777,employee1777@example.com,IT,90110.76
1778,Employee 1778,employee1778@example.com,IT,43182.87
1779,Employee 1779,employee1779@example.com,Marketing,60513.64
1780,Employee 1780,employee1780@example.com,Finance,93893.37
1781,Employee 1781,employee1781@example.com,Marketing,81184.33
1782,Employee 1782,employee1782@example.com,IT,30351.18
1783,Employee 1783,employee1783@example.com,Finance,86843.31
1784,Employee 1784,employee1784@example.com,Marketing,70474.96
1785,Employee 1785,employee1785@example.com,Finance,50972.08
1786,Employee 1786,employee1786@example.com,HR,63060.54
1787,Employee 1787,employee1787@example.com,Sales,74869.62
1788,Employee 1788,employee1788@example.com,Sales,94762.53
1789,Employee 1789,employee1789@example.com,Sales,35726.05
1790,Employee 1790,employee1790@example.com,IT,67441.3
1791,Employee 1791,employee1791@example.com,Marketing,57086.91
1792,Employee 1792,employee1792@example.com,HR,48819.76
1793,Employee 1793,employee1793@example.com,Marketing,97532.2
1794,Employee 1794,employee1794@example.com,HR,52283.25
1795,Employee 1795,employee1795@example.com,Marketing,57006.42
1796,Employee 1796,employee1796@example.com,Finance,57006.42
1797,Employee 1797,employee1797@example.com,Marketing,45527.52
1798,Employee 1798,employee1798@example.com,Finance,56335.99
1799,Employee 1799,employee1799@example.com,Sales,73343.75
1800,Employee 1800,employee1800@example.com,Marketing,77867.65
1801,Employee 1801,employee1801@example.com,Marketing,35626.42
1802,Employee 1802,employee1802@example.com,Sales,38524.96
1803,Employee 1803,employee1803@example.com,HR,93635.68
1804,Employee 1804,employee1804@example.com,Marketing,42790.17
1805,Employee 1805,employee1805@example.com,Marketing,95080.36
1806,Employee 1806,employee1806@example.com,Marketing,47541.62
1807,Employee 1807,employee1807@example.com,HR,65157.76
1808,Employee 1808,employee1808@example.com,IT,79387.14
1809,Employee 1809,employee1809@example.com,Marketing,44190.35
1810,Employee 1810,employee1810@example.com,HR,69028.75
1811,Employee 1811,employee1811@example.com,Sales,68035.39
1812,Employee 1812,employee1812@example.com,IT,53748.03
1813,Employee 1813,employee1813@example.com,Marketing,32671.21
1814,Employee 1814,employee1814@example.com,HR,98983.42
1815,Employee 1815,employee1815@example.com,Marketing,46895.98
1816,Employee 1816,employee1816@example.com,Finance,40023.07
1817,Employee 1817,employee1817@example.com,Finance,83164.82
1818,Employee 1818,employee1818@example.com,Sales,84303.96
1819,Employee 1819,employee1819@example.com,Marketing,99901.36
1820,Employee 1820,employee1820@example.com,Sales,42130.86
1821,Employee 1821,employee1821@example.com,Finance,84712.74
1822,Employee 1822,employee1822@example.com,IT,34187.99
1823,Employee 1823,employee1823@example.com,IT,77510.62
1824,Employee 1824,employee1824@example.com,Sales,85731.58
1825,Employee 1825,employee1825@example.com,IT,69288.4
1826,Employee 1826,employee1826@example.com,HR,64159.04
1827,Employee 1827,employee1827@example.com,Finance,30901.06
1828,Employee 1828,employee1828@example.com,IT,46328.35
1829,Employee 1829,employee1829@example.com,IT,33756.72
1830,Employee 1830,employee1830@example.com,Sales,47592.45
1831,Employee 1831,employee1831@example.com,Finance,67069.3
1832,Employee 1832,employee1832@example.com,HR,73245.12
1833,Employee 1833,employee1833@example.com,IT,40410.7
1834,Employee 1834,employee1834@example.com,HR,39057.99
1835,Employee 1835,employee1835@example.com,Finance,33277.64
1836,Employee 1836,employee1836@example.com,IT,56491.7
1837,Employee 1837,employee1837@example.com,Marketing,78716.67
1838,Employee 1838,employee1838@example.com,Finance,63307.42
1839,Employee 1839,employee1839@example.com,IT,37299.71
1840,Employee 1840,employee1840@example.com,Finance,31806.67
1841,Employee 1841,employee1841@example.com,Marketing,84120.14
1842,Employee 1842,employee1842@example.com,Finance,33911.89
1843,Employee 1843,employee1843@example.com,HR,59433.85
1844,Employee 1844,employee1844@example.com,Sales,37052.06
1845,Employee 1845,employee1845@example.com,IT,39167.61
1846,Employee 1846,employee1846@example.com,HR,53888.75
1847,Employee 1847,employee1847@example.com,Sales,34110.41
1848,Employee 1848,employee1848@example.com,Sales,72359.88
1849,Employee 1849,employee1849@example.com,Marketing,68969.4
1850,Employee 1850,employee1850@example.com,IT,44844.75
1851,Employee 1851,employee1851@example.com,HR,54349.08
1852,Employee 1852,employee1852@example.com,HR,44517.25
1853,Employee 1853,employee1853@example.com,Sales,41586.5
1854,Employee 1854,employee1854@example.com,Marketing,55878.02
1855,Employee 1855,employee1855@example.com,IT,91839.38
1856,Employee 1856,employee1856@example.com,Finance,36874.18
1857,Employee 1857,employee1857@example.com,Sales,67441.3
1858,Employee 1858,employee1858@example.com,IT,56326.84
1859,Employee 1859,employee1859@example.com,Marketing,60769.25
1860,Employee 1860,employee1860@example.com,HR,60513.64
1861,Employee 1861,employee1861@example.com,HR,60996.68
1862,Employee 1862,employee1862@example.com,IT,66293.56
1863,Employee 1863,employee1863@example.com,Marketing,87056.09
1864,Employee 1864,employee1864@example.com,Marketing,86013.58
1865,Employee 1865,employee1865@example.com,Marketing,44517.25
1866,Employee 1866,employee1866@example.com,IT,90110.76
1867,Employee 1867,employee1867@example.com,Sales,78564.65
1868,Employee 1868,employee1868@example.com,IT,75346.26
1869,Employee 1869,employee1869@example.com,Finance,82643.48
1870,Employee 1870,employee1870@example.com,HR,67069.3
1871,Employee 1871,employee1871@example.com,IT,48435.57
1872,Employee 1872,employee1872@example.com,Marketing,51674.84
1873,Employee 1873,employee1873@example.com,Finance,50089.2
1874,Employee 1874,employee1874@example.com,Finance,57970.97
1875,Employee 1875,employee1875@example.com,Marketing,77440.6
1876,Employee 1876,employee1876@example.com,Finance,77864.44
1877,Employee 1877,employee1877@example.com,IT,66067.07
1878,Employee 1878,employee1878@example.com,IT,88564.41
1879,Employee 1879,employee1879@example.com,HR,32735.85
1880,Employee 1880,employee1880@example.com,IT,73467.64
1881,Employee 1881,employee1881@example.com,IT,72523.35
1882,Employee 1882,employee1882@example.com,IT,86557.95
1883,Employee 1883,employee1883@example.com,Finance,70528.39
1884,Employee 1884,employee1884@example.com,Finance,88071.65
1885,Employee 1885,employee1885@example.com,Finance,38418.56
1886,Employee 1886,employee1886@example.com,Marketing,31293.21
1887,Employee 1887,employee1887@example.com,Sales,43832.44
1888,Employee 1888,employee1888@example.com,Marketing,34675.63
1889,Employee 1889,employee1889@example.com,Marketing,48888.75
1890,Employee 1890,employee1890@example.com,Marketing,94991.84
1891,Employee 1891,employee1891@example.com,IT,68551.36
1892,Employee 1892,employee1892@example.com,Marketing,41317.97
1893,Employee 1893,employee1893@example.com,HR,42990.49
1894,Employee 1894,employee1894@example.com,Marketing,77954.61
1895,Employee 1895,employee1895@example.com,Sales,54625.9
1896,Employee 1896,employee1896@example.com,HR,59216.88
1897,Employee 1897,employee1897@example.com,Marketing,78675.51
1898,Employee 1898,employee1898@example.com,Sales,77648.06
1899,Employee 1899,employee1899@example.com,Marketing,59899.33
1900,Employee 1900,employee1900@example.com,HR,95083.42
1901,Employee 1901,employee1901@example.com,IT,90873.81
1902,Employee 1902,employee1902@example.com,Finance,55112.25
1903,Employee 1903,employee1903@example.com,Marketing,57006.42
1904,Employee 1904,employee1904@example.com,Finance,65236.32
1905,Employee 1905,employee1905@example.com,Finance,91960.41
1906,Employee 1906,employee1906@example.com,Marketing,68942.78
1907,Employee 1907,employee1907@example.com,IT,80178.25
1908,Employee 1908,employee1908@example.com,IT,61017.26
1909,Employee 1909,employee1909@example.com,HR,37273.09
1910,Employee 1910,employee1910@example.com,HR,48135.03
1911,Employee 1911,employee1911@example.com,IT,44488.19
1912,Employee 1912,employee1912@example.com,HR,82573.7
1913,Employee 1913,employee1913@example.com,IT,89224.45
1914,Employee 1914,employee1914@example.com,Marketing,73247.24
1915,Employee 1915,employee1915@example.com,Finance,59477.54
1916,Employee 1916,employee1916@example.com,Finance,44773.36
1917,Employee 1917,employee1917@example.com,Sales,78675.51
1918,Employee 1918,employee1918@example.com,Sales,42790.17
1919,Employee 1919,employee1919@example.com,HR,40111.88
1920,Employee 1920,employee1920@example.com,IT,35062.43
1921,Employee 1921,employee1921@example.com,Sales,30099.22
1922,Employee 1922,employee1922@example.com,Marketing,79690.97
1923,Employee 1923,employee1923@example.com,Sales,58883.39
1924,Employee 1924,employee1924@example.com,Marketing,36202.22
1925,Employee 1925,employee1925@example.com,IT,44281.82
1926,Employee 1926,employee1926@example.com,Marketing,40799.74
1927,Employee 1927,employee1927@example.com,HR,57697.42
1928,Employee 1928,employee1928@example.com,Marketing,98792.8
1929,Employee 1929,employee1929@example.com,Marketing,89871.27
1930,Employee 1930,employee1930@example.com,Sales,86969.28
1931,Employee 1931,employee1931@example.com,Finance,93926.76
1932,Employee 1932,employee1932@example.com,HR,96336.13
1933,Employee 1933,employee1933@example.com,Sales,58883.39
1934,Employee 1934,employee1934@example.com,Sales,97343.49
1935,Employee 1935,employee1935@example.com,IT,86135.16
1936,Employee 1936,employee1936@example.com,Sales,31641.08
1937,Employee 1937,employee1937@example.com,IT,94452.5
1938,Employee 1938,employee1938@example.com,Marketing,82943.51
1939,Employee 1939,employee1939@example.com,HR,59900.96
1940,Employee 1940,employee1940@example.com,Finance,56016.24
1941,Employee 1941,employee1941@example.com,Marketing,73237.84
1942,Employee 1942,employee1942@example.com,Sales,31293.21
1943,Employee 1943,employee1943@example.com,HR,37312.43
1944,Employee 1944,employee1944@example.com,HR,75095.38
1945,Employee 1945,employee1945@example.com,HR,32005.31
1946,Employee 1946,employee1946@example.com,Finance,40890.04
1947,Employee 1947,employee1947@example.com,HR,97685.71
1948,Employee 1948,employee1948@example.com,Sales,59927.29
1949,Employee 1949,employee1949@example.com,Marketing,30170.1
1950,Employee 1950,employee1950@example.com,IT,94836.46
1951,Employee 1951,employee1951@example.com,Marketing,53984.64
1952,Employee 1952,employee1952@example.com,Sales,89274.47
1953,Employee 1953,employee1953@example.com,Finance,81012.66
1954,Employee 1954,employee1954@example.com,HR,65712.87
1955,Employee 1955,employee1955@example.com,Finance,37513.5
1956,Employee 1956,employee1956@example.com,Finance,35626.42
1957,Employee 1957,employee1957@example.com,Marketing,57622.84
1958,Employee 1958,employee1958@example.com,HR,87460.5
1959,Employee 1959,employee1959@example.com,Finance,64128.2
1960,Employee 1960,employee1960@example.com,Sales,39171.7
1961,Employee 1961,employee1961@example.com,IT,84656.31
1962,Employee 1962,employee1962@example.com,Sales,86135.16
1963,Employee 1963,employee1963@example.com,Marketing,35179.55
1964,Employee 1964,employee1964@example.com,Finance,79587.61
1965,Employee 1965,employee1965@example.com,Finance,78833.38
1966,Employee 1966,employee1966@example.com,Marketing,83205.56
1967,Employee 1967,employee1967@example.com,Sales,71076.79
1968,Employee 1968,employee1968@example.com,HR,85654.76
1969,Employee 1969,employee1969@example.com,Sales,69901.83
1970,Employee 1970,employee1970@example.com,IT,68510.44
1971,Employee 1971,employee1971@example.com,Sales,65398.45
1972,Employee 1972,employee1972@example.com,Sales,69028.75
1973,Employee 1973,employee1973@example.com,Finance,34239.65
1974,Employee 1974,employee1974@example.com,IT,98105.94
1975,Employee 1975,employee1975@example.com,Marketing,59605.04
1976,Employee 1976,employee1976@example.com,Sales,96969.03
1977,Employee 1977,employee1977@example.com,Finance,60722.04
1978,Employee 1978,employee1978@example.com,Finance,46226.76
1979,Employee 1979,employee1979@example.com,HR,55927.25
1980,Employee 1980,employee1980@example.com,Sales,53703.97
1981,Employee 1981,employee1981@example.com,IT,83944.72
1982,Employee 1982,employee1982@example.com,IT,82777.35
1983,Employee 1983,employee1983@example.com,Marketing,82684.32
1984,Employee 1984,employee1984@example.com,Finance,99234.05
1985,Employee 1985,employee1985@example.com,Finance,42159.32
1986,Employee 1986,employee1986@example.com,HR,36453.85
1987,Employee 1987,employee1987@example.com,Finance,30239.2
1988,Employee 1988,employee1988@example.com,Finance,99234.05
1989,Employee 1989,employee1989@example.com,HR,74455.92
1990,Employee 1990,employee1990@example.com,HR,69237.41
1991,Employee 1991,employee1991@example.com,Sales,79381.67
1992,Employee 1992,employee1992@example.com,Finance,86843.31
1993,Employee 1993,employee1993@example.com,HR,94762.53
1994,Employee 1994,employee1994@example.com,Finance,51674.84
1995,Employee 1995,employee1995@example.com,Sales,41271.54
1996,Employee 1996,employee1996@example.com,Marketing,68510.44
1997,Employee 1997,employee1997@example.com,IT,74623.81
1998,Employee 1998,employee1998@example.com,Sales,59927.29
1999,Employee 1999,employee1999@example.com,Finance,50089.2
2000,Employee 2000,employee2000@example.com,Sales,73605.68
